{
    "local_variable": {
        "381075458": {
            "variable_dict": {
                "FLOAT": {
                    "fw": 0.0, 
                    "\u6301\u7eed\u65f6\u95f4": 0.0
                }, 
                "INTEGER": {
                    "i": 0
                }, 
                "POINT": {
                    "p": [
                        0, 
                        0, 
                        0
                    ], 
                    "p1": [
                        0, 
                        0, 
                        0
                    ]
                }, 
                "PROJECTILE_ENTITY": {
                    "tsw": 0
                }, 
                "ROUND_AREA": {
                    "qy": 0
                }, 
                "UNIT_ENTITY": {
                    "ucf": 0, 
                    "uxs": 0
                }
            }, 
            "variable_length_dict": {
                "fw": 0, 
                "i": 0, 
                "p": 0, 
                "p1": 0, 
                "qy": 0, 
                "tsw": 0, 
                "ucf": 0, 
                "uxs": 0, 
                "\u6301\u7eed\u65f6\u95f4": 0
            }
        }
    }, 
    "trigger_dict": {
        "381075458": {
            "action": [
                {
                    "action_type": "SET_VARIABLE", 
                    "args_list": [
                        {
                            "arg_type": 100030, 
                            "args_list": [
                                [
                                    "UNIT_ENTITY", 
                                    "ucf", 
                                    "local"
                                ]
                            ], 
                            "sub_type": 1
                        }, 
                        {
                            "arg_type": 100006, 
                            "args_list": [], 
                            "sub_type": "ABILITY_OWNER"
                        }
                    ], 
                    "bp": false, 
                    "element_id": 1815539714000005, 
                    "enable": true
                }, 
                {
                    "action_type": "SET_VARIABLE", 
                    "args_list": [
                        {
                            "arg_type": 100030, 
                            "args_list": [
                                [
                                    "UNIT_ENTITY", 
                                    "uxs", 
                                    "local"
                                ]
                            ], 
                            "sub_type": 1
                        }, 
                        {
                            "arg_type": 100006, 
                            "args_list": [], 
                            "sub_type": "DAMAGE_SOURCE_UNIT"
                        }
                    ], 
                    "bp": false, 
                    "element_id": 1815539714000075, 
                    "enable": true
                }, 
                {
                    "action_type": "SET_VARIABLE", 
                    "args_list": [
                        {
                            "arg_type": 100030, 
                            "args_list": [
                                [
                                    "POINT", 
                                    "p", 
                                    "local"
                                ]
                            ], 
                            "sub_type": 1
                        }, 
                        {
                            "arg_type": 100004, 
                            "args_list": [
                                {
                                    "arg_type": 100006, 
                                    "args_list": [], 
                                    "sub_type": "ABILITY_OWNER"
                                }
                            ], 
                            "sub_type": "UNIT_ENTITY_POINT"
                        }
                    ], 
                    "bp": false, 
                    "element_id": 1815539714000019, 
                    "enable": true
                }, 
                {
                    "action_type": "SET_ENTITY_KV", 
                    "args_list": [
                        {
                            "arg_type": 100006, 
                            "args_list": [], 
                            "sub_type": "ABILITY_OWNER"
                        }, 
                        {
                            "arg_type": 100003, 
                            "args_list": [
                                "\u5929\u706b"
                            ], 
                            "sub_type": 1
                        }, 
                        {
                            "arg_type": 100001, 
                            "args_list": [
                                true
                            ], 
                            "sub_type": 1
                        }
                    ], 
                    "bp": false, 
                    "element_id": 1815539714000004, 
                    "enable": true
                }, 
                {
                    "action_type": "SET_VARIABLE", 
                    "args_list": [
                        {
                            "arg_type": 100030, 
                            "args_list": [
                                [
                                    "ROUND_AREA", 
                                    "qy", 
                                    "local"
                                ]
                            ], 
                            "sub_type": 1
                        }, 
                        {
                            "arg_type": 100023, 
                            "args_list": [
                                {
                                    "arg_type": 100004, 
                                    "args_list": [
                                        [
                                            "POINT", 
                                            "p", 
                                            "local"
                                        ]
                                    ], 
                                    "sub_type": 19
                                }, 
                                {
                                    "arg_type": 100000, 
                                    "args_list": [
                                        1600.0
                                    ], 
                                    "sub_type": 1
                                }
                            ], 
                            "sub_type": "CREATE_CIR_AREA"
                        }
                    ], 
                    "bp": false, 
                    "element_id": 1815539714000119, 
                    "enable": true
                }, 
                {
                    "action_type": "SET_VARIABLE", 
                    "args_list": [
                        {
                            "arg_type": 100030, 
                            "args_list": [
                                [
                                    "POINT", 
                                    "p", 
                                    "local"
                                ]
                            ], 
                            "sub_type": 1
                        }, 
                        {
                            "arg_type": 100004, 
                            "args_list": [
                                {
                                    "arg_type": 100023, 
                                    "args_list": [
                                        [
                                            "ROUND_AREA", 
                                            "qy", 
                                            "local"
                                        ]
                                    ], 
                                    "sub_type": 2
                                }
                            ], 
                            "sub_type": "ROUND_AREA_RANDOM_POINT"
                        }
                    ], 
                    "bp": false, 
                    "element_id": 1815539714000114, 
                    "enable": true
                }, 
                {
                    "action_type": "SET_VARIABLE", 
                    "args_list": [
                        {
                            "arg_type": 100030, 
                            "args_list": [
                                [
                                    "PROJECTILE_ENTITY", 
                                    "tsw", 
                                    "local"
                                ]
                            ], 
                            "sub_type": 1
                        }, 
                        {
                            "arg_type": 100077, 
                            "args_list": [
                                {
                                    "arg_type": 100062, 
                                    "args_list": [
                                        134276623
                                    ], 
                                    "sub_type": 1
                                }, 
                                {
                                    "arg_type": 100004, 
                                    "args_list": [
                                        [
                                            "POINT", 
                                            "p", 
                                            "local"
                                        ]
                                    ], 
                                    "sub_type": 19
                                }, 
                                {
                                    "arg_type": 100006, 
                                    "args_list": [], 
                                    "sub_type": "ABILITY_OWNER"
                                }
                            ], 
                            "op_arg": [
                                {
                                    "arg_type": 100225, 
                                    "args_list": [
                                        0.0
                                    ], 
                                    "sub_type": 1
                                }, 
                                null, 
                                {
                                    "arg_type": 100000, 
                                    "args_list": [
                                        2.0
                                    ], 
                                    "sub_type": 1
                                }, 
                                {
                                    "arg_type": 100000, 
                                    "args_list": [
                                        200.0
                                    ], 
                                    "sub_type": 1
                                }, 
                                {
                                    "arg_type": 100131, 
                                    "args_list": [
                                        1
                                    ], 
                                    "sub_type": 1
                                }, 
                                null
                            ], 
                            "op_arg_enable": [
                                true, 
                                false, 
                                true, 
                                false, 
                                true, 
                                false
                            ], 
                            "sub_type": "CREATE_PROJECTILE_NEW"
                        }
                    ], 
                    "bp": false, 
                    "element_id": 1815539714000006, 
                    "enable": true
                }, 
                {
                    "action_type": "SET_VARIABLE", 
                    "args_list": [
                        {
                            "arg_type": 100030, 
                            "args_list": [
                                [
                                    "FLOAT", 
                                    "fw", 
                                    "local"
                                ]
                            ], 
                            "sub_type": 1
                        }, 
                        {
                            "arg_type": 100000, 
                            "args_list": [
                                400.0
                            ], 
                            "sub_type": 1
                        }
                    ], 
                    "bp": false, 
                    "element_id": 363147266000111, 
                    "enable": true
                }, 
                {
                    "action_type": "SET_PROJECTILE_SCALE_XYZ", 
                    "args_list": [
                        {
                            "arg_type": 100077, 
                            "args_list": [
                                [
                                    "PROJECTILE_ENTITY", 
                                    "tsw", 
                                    "local"
                                ]
                            ], 
                            "sub_type": "VARIABLE"
                        }, 
                        {
                            "arg_type": 100000, 
                            "args_list": [
                                {
                                    "arg_type": 100000, 
                                    "args_list": [
                                        [
                                            "FLOAT", 
                                            "fw", 
                                            "local"
                                        ]
                                    ], 
                                    "sub_type": 2
                                }, 
                                {
                                    "arg_type": 100017, 
                                    "args_list": [
                                        "/"
                                    ], 
                                    "sub_type": 1
                                }, 
                                {
                                    "arg_type": 100000, 
                                    "args_list": [
                                        250.0
                                    ], 
                                    "sub_type": 1
                                }
                            ], 
                            "sub_type": "ARITHMETIC_OPERATION"
                        }, 
                        {
                            "arg_type": 100000, 
                            "args_list": [
                                {
                                    "arg_type": 100000, 
                                    "args_list": [
                                        [
                                            "FLOAT", 
                                            "fw", 
                                            "local"
                                        ]
                                    ], 
                                    "sub_type": 2
                                }, 
                                {
                                    "arg_type": 100017, 
                                    "args_list": [
                                        "/"
                                    ], 
                                    "sub_type": 1
                                }, 
                                {
                                    "arg_type": 100000, 
                                    "args_list": [
                                        250.0
                                    ], 
                                    "sub_type": 1
                                }
                            ], 
                            "sub_type": "ARITHMETIC_OPERATION"
                        }, 
                        {
                            "arg_type": 100000, 
                            "args_list": [
                                {
                                    "arg_type": 100000, 
                                    "args_list": [
                                        [
                                            "FLOAT", 
                                            "fw", 
                                            "local"
                                        ]
                                    ], 
                                    "sub_type": 2
                                }, 
                                {
                                    "arg_type": 100017, 
                                    "args_list": [
                                        "/"
                                    ], 
                                    "sub_type": 1
                                }, 
                                {
                                    "arg_type": 100000, 
                                    "args_list": [
                                        250.0
                                    ], 
                                    "sub_type": 1
                                }
                            ], 
                            "sub_type": "ARITHMETIC_OPERATION"
                        }
                    ], 
                    "bp": false, 
                    "element_id": 363147266000123, 
                    "enable": true
                }, 
                {
                    "action_type": "RUN_COUNT_TIMER_NO_SAVE", 
                    "args_list": [
                        {
                            "arg_type": 100000, 
                            "args_list": [
                                0.25
                            ], 
                            "sub_type": 1
                        }, 
                        {
                            "arg_type": 100002, 
                            "args_list": [
                                7
                            ], 
                            "sub_type": 1
                        }, 
                        {
                            "arg_type": 100001, 
                            "args_list": [
                                true
                            ], 
                            "sub_type": 1
                        }, 
                        {
                            "arg_type": 100022, 
                            "args_list": [
                                {
                                    "action_type": "PICK_UNIT_DO_ACTION", 
                                    "args_list": [
                                        {
                                            "arg_type": 100026, 
                                            "args_list": [
                                                {
                                                    "arg_type": 100004, 
                                                    "args_list": [
                                                        [
                                                            "POINT", 
                                                            "p", 
                                                            "local"
                                                        ]
                                                    ], 
                                                    "sub_type": 19
                                                }, 
                                                {
                                                    "arg_type": 100211, 
                                                    "args_list": [
                                                        {
                                                            "arg_type": 100000, 
                                                            "args_list": [
                                                                [
                                                                    "FLOAT", 
                                                                    "fw", 
                                                                    "local"
                                                                ]
                                                            ], 
                                                            "sub_type": 2
                                                        }
                                                    ], 
                                                    "sub_type": "CONST_CIRCULAR_SHAPE"
                                                }
                                            ], 
                                            "op_arg": [
                                                null, 
                                                null, 
                                                null, 
                                                null, 
                                                null, 
                                                null, 
                                                null, 
                                                null, 
                                                null, 
                                                null, 
                                                {
                                                    "arg_type": 100075, 
                                                    "args_list": [
                                                        262144
                                                    ], 
                                                    "sub_type": 1
                                                }, 
                                                {
                                                    "arg_type": 100001, 
                                                    "args_list": [
                                                        true
                                                    ], 
                                                    "sub_type": 1
                                                }, 
                                                null, 
                                                null
                                            ], 
                                            "op_arg_enable": [
                                                false, 
                                                false, 
                                                false, 
                                                false, 
                                                false, 
                                                false, 
                                                false, 
                                                false, 
                                                false, 
                                                false, 
                                                false, 
                                                false, 
                                                false, 
                                                false
                                            ], 
                                            "sub_type": "UNIT_LIST_IN_SHAPE"
                                        }, 
                                        {
                                            "arg_type": 100022, 
                                            "args_list": [
                                                {
                                                    "action_type": "IF_THEN_ELSE", 
                                                    "args_list": [
                                                        {
                                                            "arg_type": 100021, 
                                                            "args_list": [
                                                                {
                                                                    "args_list": [
                                                                        {
                                                                            "arg_type": 100001, 
                                                                            "args_list": [
                                                                                {
                                                                                    "arg_type": 100006, 
                                                                                    "args_list": [], 
                                                                                    "sub_type": "FOR_EACH_SELECTED_UNIT"
                                                                                }, 
                                                                                {
                                                                                    "arg_type": 100006, 
                                                                                    "args_list": [
                                                                                        [
                                                                                            "UNIT_ENTITY", 
                                                                                            "ucf", 
                                                                                            "local"
                                                                                        ]
                                                                                    ], 
                                                                                    "sub_type": 11
                                                                                }
                                                                            ], 
                                                                            "sub_type": "IS_ENEMY"
                                                                        }, 
                                                                        {
                                                                            "arg_type": 100035, 
                                                                            "args_list": [
                                                                                "=="
                                                                            ], 
                                                                            "sub_type": 1
                                                                        }, 
                                                                        {
                                                                            "arg_type": 100001, 
                                                                            "args_list": [
                                                                                true
                                                                            ], 
                                                                            "sub_type": 1
                                                                        }
                                                                    ], 
                                                                    "condition_type": "BOOL_COMPARE", 
                                                                    "element_id": 1815539714000069, 
                                                                    "enable": true
                                                                }
                                                            ], 
                                                            "sub_type": 1
                                                        }, 
                                                        {
                                                            "arg_type": 100022, 
                                                            "args_list": [
                                                                {
                                                                    "action_type": "IF_THEN_ELSE", 
                                                                    "args_list": [
                                                                        {
                                                                            "arg_type": 100021, 
                                                                            "args_list": [
                                                                                {
                                                                                    "args_list": [
                                                                                        {
                                                                                            "arg_type": 100000, 
                                                                                            "args_list": [
                                                                                                {
                                                                                                    "arg_type": 100006, 
                                                                                                    "args_list": [], 
                                                                                                    "sub_type": "FOR_EACH_SELECTED_UNIT"
                                                                                                }, 
                                                                                                {
                                                                                                    "arg_type": 100301, 
                                                                                                    "args_list": [
                                                                                                        "ATTR_RESULT"
                                                                                                    ], 
                                                                                                    "sub_type": 1
                                                                                                }, 
                                                                                                {
                                                                                                    "arg_type": 100042, 
                                                                                                    "args_list": [
                                                                                                        "ksVR3oAfEe2O0AD-he-FnK"
                                                                                                    ], 
                                                                                                    "sub_type": 1
                                                                                                }
                                                                                            ], 
                                                                                            "sub_type": "GET_UNIT_ATTR"
                                                                                        }, 
                                                                                        {
                                                                                            "arg_type": 100015, 
                                                                                            "args_list": [
                                                                                                ">="
                                                                                            ], 
                                                                                            "sub_type": 1
                                                                                        }, 
                                                                                        {
                                                                                            "arg_type": 100000, 
                                                                                            "args_list": [
                                                                                                80.0
                                                                                            ], 
                                                                                            "sub_type": 1
                                                                                        }
                                                                                    ], 
                                                                                    "condition_type": "FLOAT_COMPARE", 
                                                                                    "element_id": 1421410306000100, 
                                                                                    "enable": true
                                                                                }
                                                                            ], 
                                                                            "sub_type": 1
                                                                        }, 
                                                                        {
                                                                            "arg_type": 100022, 
                                                                            "args_list": [
                                                                                {
                                                                                    "action_type": "SET_VARIABLE", 
                                                                                    "args_list": [
                                                                                        {
                                                                                            "arg_type": 100030, 
                                                                                            "args_list": [
                                                                                                [
                                                                                                    "FLOAT", 
                                                                                                    "\u6301\u7eed\u65f6\u95f4", 
                                                                                                    "local"
                                                                                                ]
                                                                                            ], 
                                                                                            "sub_type": 1
                                                                                        }, 
                                                                                        {
                                                                                            "arg_type": 100000, 
                                                                                            "args_list": [
                                                                                                {
                                                                                                    "arg_type": 100000, 
                                                                                                    "args_list": [
                                                                                                        2.0
                                                                                                    ], 
                                                                                                    "sub_type": 1
                                                                                                }, 
                                                                                                {
                                                                                                    "arg_type": 100017, 
                                                                                                    "args_list": [
                                                                                                        "*"
                                                                                                    ], 
                                                                                                    "sub_type": 1
                                                                                                }, 
                                                                                                {
                                                                                                    "arg_type": 100000, 
                                                                                                    "args_list": [
                                                                                                        0.2
                                                                                                    ], 
                                                                                                    "sub_type": 1
                                                                                                }
                                                                                            ], 
                                                                                            "sub_type": "ARITHMETIC_OPERATION"
                                                                                        }
                                                                                    ], 
                                                                                    "bp": false, 
                                                                                    "element_id": 1421410306000078, 
                                                                                    "enable": true
                                                                                }
                                                                            ], 
                                                                            "sub_type": 1
                                                                        }, 
                                                                        {
                                                                            "arg_type": 100022, 
                                                                            "args_list": [
                                                                                {
                                                                                    "action_type": "SET_VARIABLE", 
                                                                                    "args_list": [
                                                                                        {
                                                                                            "arg_type": 100030, 
                                                                                            "args_list": [
                                                                                                [
                                                                                                    "FLOAT", 
                                                                                                    "\u6301\u7eed\u65f6\u95f4", 
                                                                                                    "local"
                                                                                                ]
                                                                                            ], 
                                                                                            "sub_type": 1
                                                                                        }, 
                                                                                        {
                                                                                            "arg_type": 100000, 
                                                                                            "args_list": [
                                                                                                {
                                                                                                    "arg_type": 100000, 
                                                                                                    "args_list": [
                                                                                                        2.0
                                                                                                    ], 
                                                                                                    "sub_type": 1
                                                                                                }, 
                                                                                                {
                                                                                                    "arg_type": 100017, 
                                                                                                    "args_list": [
                                                                                                        "*"
                                                                                                    ], 
                                                                                                    "sub_type": 1
                                                                                                }, 
                                                                                                {
                                                                                                    "arg_type": 100000, 
                                                                                                    "args_list": [
                                                                                                        {
                                                                                                            "arg_type": 100000, 
                                                                                                            "args_list": [
                                                                                                                1.0
                                                                                                            ], 
                                                                                                            "sub_type": 1
                                                                                                        }, 
                                                                                                        {
                                                                                                            "arg_type": 100017, 
                                                                                                            "args_list": [
                                                                                                                "-"
                                                                                                            ], 
                                                                                                            "sub_type": 1
                                                                                                        }, 
                                                                                                        {
                                                                                                            "arg_type": 100000, 
                                                                                                            "args_list": [
                                                                                                                {
                                                                                                                    "arg_type": 100000, 
                                                                                                                    "args_list": [
                                                                                                                        {
                                                                                                                            "arg_type": 100006, 
                                                                                                                            "args_list": [], 
                                                                                                                            "sub_type": "FOR_EACH_SELECTED_UNIT"
                                                                                                                        }, 
                                                                                                                        {
                                                                                                                            "arg_type": 100301, 
                                                                                                                            "args_list": [
                                                                                                                                "ATTR_RESULT"
                                                                                                                            ], 
                                                                                                                            "sub_type": 1
                                                                                                                        }, 
                                                                                                                        {
                                                                                                                            "arg_type": 100042, 
                                                                                                                            "args_list": [
                                                                                                                                "ksVR3oAfEe2O0AD-he-FnK"
                                                                                                                            ], 
                                                                                                                            "sub_type": 1
                                                                                                                        }
                                                                                                                    ], 
                                                                                                                    "sub_type": "GET_UNIT_ATTR"
                                                                                                                }, 
                                                                                                                {
                                                                                                                    "arg_type": 100017, 
                                                                                                                    "args_list": [
                                                                                                                        "/"
                                                                                                                    ], 
                                                                                                                    "sub_type": 1
                                                                                                                }, 
                                                                                                                {
                                                                                                                    "arg_type": 100000, 
                                                                                                                    "args_list": [
                                                                                                                        100.0
                                                                                                                    ], 
                                                                                                                    "sub_type": 1
                                                                                                                }
                                                                                                            ], 
                                                                                                            "sub_type": "ARITHMETIC_OPERATION"
                                                                                                        }
                                                                                                    ], 
                                                                                                    "sub_type": "ARITHMETIC_OPERATION"
                                                                                                }
                                                                                            ], 
                                                                                            "sub_type": "ARITHMETIC_OPERATION"
                                                                                        }
                                                                                    ], 
                                                                                    "bp": false, 
                                                                                    "element_id": 1421410306000108, 
                                                                                    "enable": true
                                                                                }
                                                                            ], 
                                                                            "sub_type": 1
                                                                        }
                                                                    ], 
                                                                    "bp": false, 
                                                                    "element_id": 1421410306000082, 
                                                                    "enable": true, 
                                                                    "fake_op": [
                                                                        2
                                                                    ]
                                                                }, 
                                                                {
                                                                    "action_type": "SET_VARIABLE", 
                                                                    "args_list": [
                                                                        {
                                                                            "arg_type": 100030, 
                                                                            "args_list": [
                                                                                [
                                                                                    "POINT", 
                                                                                    "p1", 
                                                                                    "local"
                                                                                ]
                                                                            ], 
                                                                            "sub_type": 1
                                                                        }, 
                                                                        {
                                                                            "arg_type": 100004, 
                                                                            "args_list": [
                                                                                {
                                                                                    "arg_type": 100006, 
                                                                                    "args_list": [], 
                                                                                    "sub_type": "FOR_EACH_SELECTED_UNIT"
                                                                                }
                                                                            ], 
                                                                            "sub_type": "UNIT_ENTITY_POINT"
                                                                        }
                                                                    ], 
                                                                    "bp": false, 
                                                                    "element_id": 1394573313000110, 
                                                                    "enable": true
                                                                }, 
                                                                {
                                                                    "action_type": "CREATE_SFX_ON_POINT", 
                                                                    "args_list": [
                                                                        {
                                                                            "arg_type": 100066, 
                                                                            "args_list": [
                                                                                101749
                                                                            ], 
                                                                            "sub_type": 1
                                                                        }, 
                                                                        {
                                                                            "arg_type": 100004, 
                                                                            "args_list": [
                                                                                [
                                                                                    "POINT", 
                                                                                    "p1", 
                                                                                    "local"
                                                                                ]
                                                                            ], 
                                                                            "sub_type": 19
                                                                        }
                                                                    ], 
                                                                    "bp": false, 
                                                                    "element_id": 1394573313000106, 
                                                                    "enable": true, 
                                                                    "op_arg": [
                                                                        null, 
                                                                        null, 
                                                                        null, 
                                                                        {
                                                                            "arg_type": 100000, 
                                                                            "args_list": [
                                                                                1.0
                                                                            ], 
                                                                            "sub_type": 1
                                                                        }, 
                                                                        null
                                                                    ], 
                                                                    "op_arg_enable": [
                                                                        false, 
                                                                        false, 
                                                                        false, 
                                                                        true, 
                                                                        false
                                                                    ]
                                                                }, 
                                                                {
                                                                    "action_type": "ADD_MODIFIER", 
                                                                    "args_list": [
                                                                        {
                                                                            "arg_type": 100006, 
                                                                            "args_list": [], 
                                                                            "sub_type": "FOR_EACH_SELECTED_UNIT"
                                                                        }, 
                                                                        {
                                                                            "arg_type": 100046, 
                                                                            "args_list": [
                                                                                1000
                                                                            ], 
                                                                            "sub_type": 1
                                                                        }
                                                                    ], 
                                                                    "bp": false, 
                                                                    "element_id": 1815539714000087, 
                                                                    "enable": true, 
                                                                    "op_arg": [
                                                                        {
                                                                            "arg_type": 100006, 
                                                                            "args_list": [
                                                                                [
                                                                                    "UNIT_ENTITY", 
                                                                                    "ucf", 
                                                                                    "local"
                                                                                ]
                                                                            ], 
                                                                            "sub_type": 11
                                                                        }, 
                                                                        null, 
                                                                        {
                                                                            "arg_type": 100000, 
                                                                            "args_list": [
                                                                                [
                                                                                    "FLOAT", 
                                                                                    "\u6301\u7eed\u65f6\u95f4", 
                                                                                    "local"
                                                                                ]
                                                                            ], 
                                                                            "sub_type": 2
                                                                        }, 
                                                                        null, 
                                                                        null
                                                                    ], 
                                                                    "op_arg_enable": [
                                                                        true, 
                                                                        false, 
                                                                        true, 
                                                                        false, 
                                                                        false
                                                                    ]
                                                                }
                                                            ], 
                                                            "sub_type": 1
                                                        }, 
                                                        {
                                                            "arg_type": 100022, 
                                                            "args_list": [], 
                                                            "sub_type": 1
                                                        }
                                                    ], 
                                                    "bp": false, 
                                                    "element_id": 1815539714000063, 
                                                    "enable": true, 
                                                    "fake_op": [
                                                        2
                                                    ]
                                                }
                                            ], 
                                            "sub_type": 1
                                        }
                                    ], 
                                    "bp": false, 
                                    "element_id": 1815539714000053, 
                                    "enable": true
                                }, 
                                {
                                    "action_type": "IF_THEN_ELSE", 
                                    "args_list": [
                                        {
                                            "arg_type": 100021, 
                                            "args_list": [
                                                {
                                                    "args_list": [
                                                        {
                                                            "arg_type": 100181, 
                                                            "args_list": [], 
                                                            "sub_type": "CURRENT_EXPIRED_TIMER"
                                                        }
                                                    ], 
                                                    "condition_type": "IS_TIMER_VALID", 
                                                    "element_id": 1815539714000111, 
                                                    "enable": true
                                                }
                                            ], 
                                            "sub_type": 1
                                        }, 
                                        {
                                            "arg_type": 100022, 
                                            "args_list": [
                                                {
                                                    "action_type": "SET_VARIABLE", 
                                                    "args_list": [
                                                        {
                                                            "arg_type": 100030, 
                                                            "args_list": [
                                                                [
                                                                    "POINT", 
                                                                    "p", 
                                                                    "local"
                                                                ]
                                                            ], 
                                                            "sub_type": 1
                                                        }, 
                                                        {
                                                            "arg_type": 100004, 
                                                            "args_list": [
                                                                {
                                                                    "arg_type": 100023, 
                                                                    "args_list": [
                                                                        [
                                                                            "ROUND_AREA", 
                                                                            "qy", 
                                                                            "local"
                                                                        ]
                                                                    ], 
                                                                    "sub_type": 2
                                                                }
                                                            ], 
                                                            "sub_type": "ROUND_AREA_RANDOM_POINT"
                                                        }
                                                    ], 
                                                    "bp": false, 
                                                    "element_id": 1815539714000151, 
                                                    "enable": true
                                                }, 
                                                {
                                                    "action_type": "SET_VARIABLE", 
                                                    "args_list": [
                                                        {
                                                            "arg_type": 100030, 
                                                            "args_list": [
                                                                [
                                                                    "PROJECTILE_ENTITY", 
                                                                    "tsw", 
                                                                    "local"
                                                                ]
                                                            ], 
                                                            "sub_type": 1
                                                        }, 
                                                        {
                                                            "arg_type": 100077, 
                                                            "args_list": [
                                                                {
                                                                    "arg_type": 100062, 
                                                                    "args_list": [
                                                                        134276623
                                                                    ], 
                                                                    "sub_type": 1
                                                                }, 
                                                                {
                                                                    "arg_type": 100004, 
                                                                    "args_list": [
                                                                        [
                                                                            "POINT", 
                                                                            "p", 
                                                                            "local"
                                                                        ]
                                                                    ], 
                                                                    "sub_type": 19
                                                                }, 
                                                                {
                                                                    "arg_type": 100006, 
                                                                    "args_list": [], 
                                                                    "sub_type": "ABILITY_OWNER"
                                                                }
                                                            ], 
                                                            "op_arg": [
                                                                {
                                                                    "arg_type": 100225, 
                                                                    "args_list": [
                                                                        0.0
                                                                    ], 
                                                                    "sub_type": 1
                                                                }, 
                                                                null, 
                                                                {
                                                                    "arg_type": 100000, 
                                                                    "args_list": [
                                                                        2.0
                                                                    ], 
                                                                    "sub_type": 1
                                                                }, 
                                                                {
                                                                    "arg_type": 100000, 
                                                                    "args_list": [
                                                                        200.0
                                                                    ], 
                                                                    "sub_type": 1
                                                                }, 
                                                                {
                                                                    "arg_type": 100131, 
                                                                    "args_list": [
                                                                        1
                                                                    ], 
                                                                    "sub_type": 1
                                                                }, 
                                                                null
                                                            ], 
                                                            "op_arg_enable": [
                                                                true, 
                                                                false, 
                                                                true, 
                                                                false, 
                                                                true, 
                                                                false
                                                            ], 
                                                            "sub_type": "CREATE_PROJECTILE_NEW"
                                                        }
                                                    ], 
                                                    "bp": false, 
                                                    "element_id": 1815539714000135, 
                                                    "enable": true
                                                }
                                            ], 
                                            "sub_type": 1
                                        }, 
                                        {
                                            "arg_type": 100022, 
                                            "args_list": [
                                                {
                                                    "action_type": "REMOVE_AREA", 
                                                    "args_list": [
                                                        {
                                                            "arg_type": 100023, 
                                                            "args_list": [
                                                                [
                                                                    "ROUND_AREA", 
                                                                    "qy", 
                                                                    "local"
                                                                ]
                                                            ], 
                                                            "sub_type": 2
                                                        }
                                                    ], 
                                                    "bp": false, 
                                                    "element_id": 1815539714000148, 
                                                    "enable": true
                                                }, 
                                                {
                                                    "action_type": "DELETE_TIMER", 
                                                    "args_list": [
                                                        {
                                                            "arg_type": 100181, 
                                                            "args_list": [], 
                                                            "sub_type": "CURRENT_EXPIRED_TIMER"
                                                        }
                                                    ], 
                                                    "bp": false, 
                                                    "element_id": 1815539714000143, 
                                                    "enable": true
                                                }
                                            ], 
                                            "sub_type": 1
                                        }
                                    ], 
                                    "bp": false, 
                                    "element_id": 1815539714000105, 
                                    "enable": true, 
                                    "fake_op": [
                                        2
                                    ]
                                }
                            ], 
                            "sub_type": 1
                        }
                    ], 
                    "bp": false, 
                    "element_id": 1815539714000092, 
                    "enable": true, 
                    "local_var": [
                        {}, 
                        {}
                    ]
                }, 
                {
                    "action_type": "RUN_ONCE_TIMER_NO_SAVE", 
                    "args_list": [
                        {
                            "arg_type": 100000, 
                            "args_list": [
                                10.0
                            ], 
                            "sub_type": 1
                        }, 
                        {
                            "arg_type": 100022, 
                            "args_list": [
                                {
                                    "action_type": "SET_ENTITY_KV", 
                                    "args_list": [
                                        {
                                            "arg_type": 100006, 
                                            "args_list": [], 
                                            "sub_type": "ABILITY_OWNER"
                                        }, 
                                        {
                                            "arg_type": 100003, 
                                            "args_list": [
                                                "\u5929\u706b"
                                            ], 
                                            "sub_type": 1
                                        }, 
                                        {
                                            "arg_type": 100001, 
                                            "args_list": [
                                                false
                                            ], 
                                            "sub_type": 1
                                        }
                                    ], 
                                    "bp": false, 
                                    "element_id": 381075458000081, 
                                    "enable": true
                                }, 
                                {
                                    "action_type": "DELETE_TIMER", 
                                    "args_list": [
                                        {
                                            "arg_type": 100181, 
                                            "args_list": [], 
                                            "sub_type": "CURRENT_EXPIRED_TIMER"
                                        }
                                    ], 
                                    "bp": false, 
                                    "element_id": 1815539714000011, 
                                    "enable": true
                                }
                            ], 
                            "sub_type": 1
                        }
                    ], 
                    "bp": false, 
                    "element_id": 1815539714000012, 
                    "enable": true, 
                    "local_var": [
                        {}, 
                        {}
                    ]
                }
            ], 
            "call_enabled": true, 
            "condition": [
                {
                    "args_list": [
                        {
                            "arg_type": 100001, 
                            "args_list": [
                                {
                                    "arg_type": 100006, 
                                    "args_list": [], 
                                    "sub_type": "ABILITY_OWNER"
                                }, 
                                {
                                    "arg_type": 100003, 
                                    "args_list": [
                                        "\u5929\u706b"
                                    ], 
                                    "sub_type": 1
                                }
                            ], 
                            "sub_type": "GET_BOOLEAN_KV"
                        }, 
                        {
                            "arg_type": 100035, 
                            "args_list": [
                                "!="
                            ], 
                            "sub_type": 1
                        }, 
                        {
                            "arg_type": 100001, 
                            "args_list": [
                                true
                            ], 
                            "sub_type": 1
                        }
                    ], 
                    "condition_type": "BOOL_COMPARE", 
                    "element_id": 647630849000075, 
                    "enable": true
                }
            ], 
            "enabled": false, 
            "event": [
                {
                    "args_list": [
                        {
                            "arg_type": 100006, 
                            "args_list": [], 
                            "sub_type": "ABILITY_OWNER"
                        }, 
                        {
                            "arg_type": 100007, 
                            "args_list": [
                                "ET_UNIT_BE_HURT"
                            ], 
                            "sub_type": 1
                        }
                    ], 
                    "element_id": 1219543041000001, 
                    "enable": true, 
                    "event_type": "SPECIAL_UNIT_EVENT"
                }
            ], 
            "group_id": 0, 
            "is_conf": true, 
            "p_trigger_id": 1085468673, 
            "trigger_id": 381075458, 
            "trigger_name": "\u5b50\u89e6\u53d1\u5668", 
            "valid": true
        }, 
        "1085468673": {
            "action": [
                {
                    "action_type": "RUN_ONCE_TIMER_NO_SAVE", 
                    "args_list": [
                        {
                            "arg_type": 100000, 
                            "args_list": [
                                1.0
                            ], 
                            "sub_type": 1
                        }, 
                        {
                            "arg_type": 100022, 
                            "args_list": [
                                {
                                    "action_type": "ADD_MODIFIER", 
                                    "args_list": [
                                        {
                                            "arg_type": 100006, 
                                            "args_list": [], 
                                            "sub_type": "ABILITY_OWNER"
                                        }, 
                                        {
                                            "arg_type": 100046, 
                                            "args_list": [
                                                134239408
                                            ], 
                                            "sub_type": 1
                                        }
                                    ], 
                                    "bp": false, 
                                    "element_id": 1973596161000031, 
                                    "enable": true, 
                                    "op_arg": [
                                        null, 
                                        null, 
                                        null, 
                                        null, 
                                        null
                                    ], 
                                    "op_arg_enable": [
                                        false, 
                                        false, 
                                        false, 
                                        false, 
                                        false
                                    ]
                                }
                            ], 
                            "sub_type": 1
                        }
                    ], 
                    "bp": false, 
                    "element_id": 1973596161000027, 
                    "enable": true, 
                    "local_var": [
                        {}, 
                        {}
                    ]
                }, 
                381075458
            ], 
            "call_enabled": true, 
            "condition": [], 
            "enabled": true, 
            "event": [
                {
                    "args_list": [], 
                    "element_id": 1219543041000001, 
                    "enable": true, 
                    "event_type": "ABILITY_OBTAIN"
                }
            ], 
            "group_id": 134254145, 
            "p_trigger_id": null, 
            "trigger_id": 1085468673, 
            "trigger_name": "\u65b0\u5efa\u89e6\u53d1\u5668", 
            "valid": true
        }
    }, 
    "trigger_group_info": [
        [
            381075458, 
            "\u5b50\u89e6\u53d1\u5668"
        ], 
        {
            "_trigger_group_": true, 
            "group": [
                [
                    1085468673, 
                    "\u65b0\u5efa\u89e6\u53d1\u5668"
                ]
            ], 
            "key": 134254145, 
            "name": "134254145"
        }
    ], 
    "trigger_version": "1.2", 
    "variable_dict": {}, 
    "variable_group_info": [], 
    "variable_length_dict": {}
}