{
    "local_variable": {
        "300621825": {
            "variable_dict": {
                "UNIT_ENTITY": {
                    "ucf": 0
                }
            }, 
            "variable_length_dict": {
                "ucf": 0
            }
        }, 
        "1031634947": {
            "variable_dict": {
                "FLOAT": {
                    "cxt": 0.0, 
                    "jd": 0.0
                }, 
                "INTEGER": {
                    "i": 0
                }, 
                "PLAYER": {
                    "wj": 0
                }, 
                "POINT": {
                    "p": [
                        0, 
                        0, 
                        0
                    ]
                }, 
                "UNIT_ENTITY": {
                    "u": 0
                }, 
                "UNIT_NAME": {
                    "uid": 0
                }
            }, 
            "variable_length_dict": {
                "cxt": 0, 
                "i": 0, 
                "jd": 0, 
                "p": 0, 
                "u": 0, 
                "uid": 0, 
                "wj": 0
            }
        }, 
        "1356824582": {
            "variable_dict": {
                "ABILITY": {
                    "sk": null
                }, 
                "UNIT_ENTITY": {
                    "ucf": 0
                }
            }, 
            "variable_length_dict": {
                "sk": 0, 
                "ucf": 0
            }
        }, 
        "1642799106": {
            "variable_dict": {
                "FLOAT": {
                    "cxt": 0.0, 
                    "jd": 0.0
                }, 
                "PLAYER": {
                    "wj": 0
                }, 
                "POINT": {
                    "p": [
                        0, 
                        0, 
                        0
                    ]
                }, 
                "UNIT_ENTITY": {
                    "u": 0
                }, 
                "UNIT_NAME": {
                    "uid": 0
                }
            }, 
            "variable_length_dict": {
                "cxt": 0, 
                "jd": 0, 
                "p": 0, 
                "u": 0, 
                "uid": 0, 
                "wj": 0
            }
        }
    }, 
    "trigger_dict": {
        "300621825": {
            "action": [
                {
                    "action_type": "SET_VARIABLE", 
                    "args_list": [
                        {
                            "arg_type": 100030, 
                            "args_list": [
                                [
                                    "UNIT_ENTITY", 
                                    "ucf", 
                                    "local"
                                ]
                            ], 
                            "sub_type": 1
                        }, 
                        {
                            "arg_type": 100006, 
                            "args_list": [], 
                            "sub_type": "ABILITY_OWNER"
                        }
                    ], 
                    "bp": false, 
                    "element_id": 19295232040114, 
                    "enable": true
                }, 
                1642799106
            ], 
            "call_enabled": true, 
            "condition": [], 
            "enabled": true, 
            "event": [
                {
                    "args_list": [], 
                    "element_id": 300621825000001, 
                    "enable": true, 
                    "event_type": "ABILITY_OBTAIN"
                }
            ], 
            "group_id": 134232436, 
            "p_trigger_id": null, 
            "trigger_id": 300621825, 
            "trigger_name": "\u65b0\u5efa\u89e6\u53d1\u5668", 
            "valid": true
        }, 
        "1031634947": {
            "action": [
                {
                    "action_type": "SET_VARIABLE", 
                    "args_list": [
                        {
                            "arg_type": 100030, 
                            "args_list": [
                                [
                                    "PLAYER", 
                                    "wj", 
                                    "local"
                                ]
                            ], 
                            "sub_type": 1
                        }, 
                        {
                            "arg_type": 100025, 
                            "args_list": [
                                {
                                    "arg_type": 100006, 
                                    "args_list": [], 
                                    "sub_type": "ABILITY_OWNER"
                                }
                            ], 
                            "sub_type": "OWNER_PLAYER"
                        }
                    ], 
                    "bp": false, 
                    "element_id": 1642799106000003, 
                    "enable": true
                }, 
                {
                    "action_type": "SET_VARIABLE", 
                    "args_list": [
                        {
                            "arg_type": 100030, 
                            "args_list": [
                                [
                                    "UNIT_NAME", 
                                    "uid", 
                                    "local"
                                ]
                            ], 
                            "sub_type": 1
                        }, 
                        {
                            "arg_type": 100116, 
                            "args_list": [
                                {
                                    "arg_type": 100014, 
                                    "args_list": [], 
                                    "sub_type": "CUR_ABILITY"
                                }, 
                                {
                                    "arg_type": 100003, 
                                    "args_list": [
                                        "\u5355\u4f4d\u7c7b\u578b"
                                    ], 
                                    "sub_type": 1
                                }
                            ], 
                            "sub_type": "GET_UNIT_NAME_KV"
                        }
                    ], 
                    "bp": false, 
                    "element_id": 1642799106000004, 
                    "enable": true
                }, 
                {
                    "action_type": "SET_VARIABLE", 
                    "args_list": [
                        {
                            "arg_type": 100030, 
                            "args_list": [
                                [
                                    "POINT", 
                                    "p", 
                                    "local"
                                ]
                            ], 
                            "sub_type": 1
                        }, 
                        {
                            "arg_type": 100004, 
                            "args_list": [
                                {
                                    "arg_type": 100004, 
                                    "args_list": [
                                        {
                                            "arg_type": 100006, 
                                            "args_list": [], 
                                            "sub_type": "ABILITY_OWNER"
                                        }
                                    ], 
                                    "sub_type": "UNIT_ENTITY_POINT"
                                }, 
                                {
                                    "arg_type": 100225, 
                                    "args_list": [], 
                                    "sub_type": "RANDOM_ANGLE"
                                }, 
                                {
                                    "arg_type": 100000, 
                                    "args_list": [
                                        {
                                            "arg_type": 100014, 
                                            "args_list": [], 
                                            "sub_type": "CUR_ABILITY"
                                        }, 
                                        {
                                            "arg_type": 100078, 
                                            "args_list": [
                                                "ability_damage_range"
                                            ], 
                                            "sub_type": 1
                                        }
                                    ], 
                                    "sub_type": "GET_ABILITY_FLOAT_ATTR"
                                }
                            ], 
                            "sub_type": "POINT_OFFSET_VECTOR_POINT"
                        }
                    ], 
                    "bp": false, 
                    "element_id": 1636519939000004, 
                    "enable": true
                }, 
                {
                    "action_type": "SET_VARIABLE", 
                    "args_list": [
                        {
                            "arg_type": 100030, 
                            "args_list": [
                                [
                                    "FLOAT", 
                                    "jd", 
                                    "local"
                                ]
                            ], 
                            "sub_type": 1
                        }, 
                        {
                            "arg_type": 100000, 
                            "args_list": [
                                {
                                    "arg_type": 100225, 
                                    "args_list": [
                                        {
                                            "arg_type": 100006, 
                                            "args_list": [], 
                                            "sub_type": "ABILITY_OWNER"
                                        }
                                    ], 
                                    "sub_type": "UNIT_FACE_ANGLE"
                                }
                            ], 
                            "sub_type": "GET_FLOAT_BY_ANGLE"
                        }
                    ], 
                    "bp": false, 
                    "element_id": 1642799106000006, 
                    "enable": true
                }, 
                {
                    "action_type": "SET_VARIABLE", 
                    "args_list": [
                        {
                            "arg_type": 100030, 
                            "args_list": [
                                [
                                    "FLOAT", 
                                    "cxt", 
                                    "local"
                                ]
                            ], 
                            "sub_type": 1
                        }, 
                        {
                            "arg_type": 100000, 
                            "args_list": [
                                {
                                    "arg_type": 100014, 
                                    "args_list": [], 
                                    "sub_type": "CUR_ABILITY"
                                }, 
                                {
                                    "arg_type": 100003, 
                                    "args_list": [
                                        "\u6301\u7eed\u65f6\u95f4"
                                    ], 
                                    "sub_type": 1
                                }
                            ], 
                            "sub_type": "GET_FLOAT_KV"
                        }
                    ], 
                    "bp": false, 
                    "element_id": 1642799106000007, 
                    "enable": true
                }, 
                {
                    "action_type": "FOR_INT_DO_ACTION", 
                    "args_list": [
                        {
                            "arg_type": 100002, 
                            "args_list": [
                                [
                                    "INTEGER", 
                                    "i", 
                                    "local"
                                ]
                            ], 
                            "sub_type": 6
                        }, 
                        {
                            "arg_type": 100002, 
                            "args_list": [
                                1
                            ], 
                            "sub_type": 1
                        }, 
                        {
                            "arg_type": 100002, 
                            "args_list": [
                                4
                            ], 
                            "sub_type": 1
                        }, 
                        {
                            "arg_type": 100022, 
                            "args_list": [
                                {
                                    "action_type": "SET_VARIABLE", 
                                    "args_list": [
                                        {
                                            "arg_type": 100030, 
                                            "args_list": [
                                                [
                                                    "UNIT_ENTITY", 
                                                    "u", 
                                                    "local"
                                                ]
                                            ], 
                                            "sub_type": 1
                                        }, 
                                        {
                                            "arg_type": 100006, 
                                            "args_list": [
                                                {
                                                    "arg_type": 100116, 
                                                    "args_list": [
                                                        [
                                                            "UNIT_NAME", 
                                                            "uid", 
                                                            "local"
                                                        ], 
                                                        null
                                                    ], 
                                                    "sub_type": 2
                                                }, 
                                                {
                                                    "arg_type": 100004, 
                                                    "args_list": [
                                                        [
                                                            "POINT", 
                                                            "p", 
                                                            "local"
                                                        ]
                                                    ], 
                                                    "sub_type": 19
                                                }, 
                                                {
                                                    "arg_type": 100225, 
                                                    "args_list": [
                                                        {
                                                            "arg_type": 100000, 
                                                            "args_list": [
                                                                [
                                                                    "FLOAT", 
                                                                    "jd", 
                                                                    "local"
                                                                ], 
                                                                null
                                                            ], 
                                                            "sub_type": 2
                                                        }
                                                    ], 
                                                    "sub_type": "GET_ANGLE_BY_FLOAT"
                                                }, 
                                                {
                                                    "arg_type": 100006, 
                                                    "args_list": [], 
                                                    "sub_type": "ABILITY_OWNER"
                                                }
                                            ], 
                                            "sub_type": "CREATE_UNIT"
                                        }
                                    ], 
                                    "bp": false, 
                                    "element_id": 1642799106000009, 
                                    "enable": true
                                }, 
                                {
                                    "action_type": "SET_UNIT_LIFE_CYCLE", 
                                    "args_list": [
                                        {
                                            "arg_type": 100006, 
                                            "args_list": [
                                                [
                                                    "UNIT_ENTITY", 
                                                    "u", 
                                                    "local"
                                                ], 
                                                null
                                            ], 
                                            "sub_type": 11
                                        }, 
                                        {
                                            "arg_type": 100000, 
                                            "args_list": [
                                                [
                                                    "FLOAT", 
                                                    "cxt", 
                                                    "local"
                                                ], 
                                                null
                                            ], 
                                            "sub_type": 2
                                        }
                                    ], 
                                    "bp": false, 
                                    "element_id": 18439208980010, 
                                    "enable": true
                                }
                            ], 
                            "sub_type": 1
                        }
                    ], 
                    "bp": false, 
                    "element_id": 1644036097970344, 
                    "enable": true
                }, 
                {
                    "action_type": "FOR_INT_DO_ACTION", 
                    "args_list": [
                        {
                            "arg_type": 100002, 
                            "args_list": [
                                [
                                    "INTEGER", 
                                    "i", 
                                    "local"
                                ]
                            ], 
                            "sub_type": 6
                        }, 
                        {
                            "arg_type": 100002, 
                            "args_list": [
                                1
                            ], 
                            "sub_type": 1
                        }, 
                        {
                            "arg_type": 100002, 
                            "args_list": [
                                4
                            ], 
                            "sub_type": 1
                        }, 
                        {
                            "arg_type": 100022, 
                            "args_list": [
                                {
                                    "action_type": "PLAY_3D_SOUND_FOR_PLAYER", 
                                    "args_list": [
                                        {
                                            "arg_type": 100025, 
                                            "args_list": [
                                                {
                                                    "arg_type": 100002, 
                                                    "args_list": [
                                                        [
                                                            "INTEGER", 
                                                            "i", 
                                                            "local"
                                                        ]
                                                    ], 
                                                    "sub_type": 6
                                                }
                                            ], 
                                            "sub_type": "GET_ROLE_BY_INT"
                                        }, 
                                        {
                                            "arg_type": 100084, 
                                            "args_list": [
                                                134257350
                                            ], 
                                            "sub_type": 1
                                        }, 
                                        {
                                            "arg_type": 100004, 
                                            "args_list": [
                                                {
                                                    "arg_type": 100006, 
                                                    "args_list": [], 
                                                    "sub_type": "ABILITY_OWNER"
                                                }
                                            ], 
                                            "sub_type": "UNIT_ENTITY_POINT"
                                        }, 
                                        {
                                            "arg_type": 100000, 
                                            "args_list": [
                                                {
                                                    "arg_type": 100006, 
                                                    "args_list": [], 
                                                    "sub_type": "ABILITY_OWNER"
                                                }
                                            ], 
                                            "sub_type": "UNIT_GET_HEIGHT"
                                        }, 
                                        {
                                            "arg_type": 100001, 
                                            "args_list": [
                                                false
                                            ], 
                                            "sub_type": 1
                                        }
                                    ], 
                                    "bp": false, 
                                    "element_id": 1644036097970219, 
                                    "enable": true, 
                                    "op_arg": [
                                        null, 
                                        null, 
                                        null
                                    ], 
                                    "op_arg_enable": [
                                        false, 
                                        false, 
                                        false
                                    ]
                                }
                            ], 
                            "sub_type": 1
                        }
                    ], 
                    "bp": false, 
                    "element_id": 1031634947980012, 
                    "enable": true
                }
            ], 
            "call_enabled": true, 
            "condition": [], 
            "enabled": true, 
            "event": [
                {
                    "args_list": [], 
                    "element_id": 1031634947000002, 
                    "enable": true, 
                    "event_type": "ABILITY_SP_END"
                }
            ], 
            "group_id": 134232436, 
            "p_trigger_id": null, 
            "trigger_id": 1031634947, 
            "trigger_name": "\u65b0\u5efa\u89e6\u53d1\u5668_2", 
            "valid": true
        }, 
        "1356824582": {
            "action": [
                {
                    "action_type": "SET_VARIABLE", 
                    "args_list": [
                        {
                            "arg_type": 100030, 
                            "args_list": [
                                [
                                    "ABILITY", 
                                    "sk", 
                                    "local"
                                ]
                            ], 
                            "sub_type": 1
                        }, 
                        {
                            "arg_type": 100014, 
                            "args_list": [], 
                            "sub_type": "CUR_ABILITY"
                        }
                    ], 
                    "bp": false, 
                    "element_id": 1356824582000002, 
                    "enable": true
                }, 
                {
                    "action_type": "SET_VARIABLE", 
                    "args_list": [
                        {
                            "arg_type": 100030, 
                            "args_list": [
                                [
                                    "UNIT_ENTITY", 
                                    "ucf", 
                                    "local"
                                ]
                            ], 
                            "sub_type": 1
                        }, 
                        {
                            "arg_type": 100006, 
                            "args_list": [], 
                            "sub_type": "ABILITY_OWNER"
                        }
                    ], 
                    "bp": false, 
                    "element_id": 1356824582000003, 
                    "enable": true
                }, 
                {
                    "action_type": "SET_ATTR", 
                    "args_list": [
                        {
                            "arg_type": 100006, 
                            "args_list": [
                                [
                                    "UNIT_ENTITY", 
                                    "ucf", 
                                    "local"
                                ]
                            ], 
                            "sub_type": 11
                        }, 
                        {
                            "arg_type": 100300, 
                            "args_list": [
                                "ATTR_BASE"
                            ], 
                            "sub_type": 1
                        }, 
                        {
                            "arg_type": 100042, 
                            "args_list": [
                                "mp_rec"
                            ], 
                            "sub_type": 1
                        }, 
                        {
                            "arg_type": 100000, 
                            "args_list": [
                                {
                                    "arg_type": 100000, 
                                    "args_list": [
                                        {
                                            "arg_type": 100006, 
                                            "args_list": [
                                                [
                                                    "UNIT_ENTITY", 
                                                    "ucf", 
                                                    "local"
                                                ]
                                            ], 
                                            "sub_type": 11
                                        }, 
                                        {
                                            "arg_type": 100301, 
                                            "args_list": [
                                                "ATTR_BASE"
                                            ], 
                                            "sub_type": 1
                                        }, 
                                        {
                                            "arg_type": 100042, 
                                            "args_list": [
                                                "mp_rec"
                                            ], 
                                            "sub_type": 1
                                        }
                                    ], 
                                    "sub_type": "GET_UNIT_ATTR"
                                }, 
                                {
                                    "arg_type": 100017, 
                                    "args_list": [
                                        "-"
                                    ], 
                                    "sub_type": 1
                                }, 
                                {
                                    "arg_type": 100000, 
                                    "args_list": [
                                        10.0
                                    ], 
                                    "sub_type": 1
                                }
                            ], 
                            "sub_type": "ARITHMETIC_OPERATION"
                        }
                    ], 
                    "bp": false, 
                    "element_id": 1356824582000004, 
                    "enable": true
                }, 
                1826586631
            ], 
            "call_enabled": true, 
            "condition": [], 
            "enabled": true, 
            "event": [
                {
                    "args_list": [], 
                    "element_id": 1356824582000001, 
                    "enable": true, 
                    "event_type": "ABILITY_OBTAIN"
                }
            ], 
            "group_id": 134232436, 
            "p_trigger_id": null, 
            "trigger_id": 1356824582, 
            "trigger_name": "\u65b0\u5efa\u89e6\u53d1\u5668_3", 
            "valid": true
        }, 
        "1642799106": {
            "action": [
                {
                    "action_type": "IF_THEN_ELSE", 
                    "args_list": [
                        {
                            "arg_type": 100021, 
                            "args_list": [
                                {
                                    "args_list": [
                                        {
                                            "arg_type": 100014, 
                                            "args_list": [], 
                                            "sub_type": "CUR_ABILITY"
                                        }, 
                                        {
                                            "arg_type": 100035, 
                                            "args_list": [
                                                "!="
                                            ], 
                                            "sub_type": 1
                                        }, 
                                        {
                                            "arg_type": 100014, 
                                            "args_list": [], 
                                            "sub_type": "NONE_ABILITY"
                                        }
                                    ], 
                                    "condition_type": "ABILITY_ENTITY_COMPARE", 
                                    "element_id": 1642799106000023, 
                                    "enable": true
                                }, 
                                {
                                    "args_list": [
                                        {
                                            "arg_type": 100000, 
                                            "args_list": [
                                                {
                                                    "arg_type": 100014, 
                                                    "args_list": [], 
                                                    "sub_type": "CUR_ABILITY"
                                                }
                                            ], 
                                            "sub_type": "ABILITY_CD_LEFT_TIME"
                                        }, 
                                        {
                                            "arg_type": 100015, 
                                            "args_list": [
                                                "=="
                                            ], 
                                            "sub_type": 1
                                        }, 
                                        {
                                            "arg_type": 100000, 
                                            "args_list": [
                                                0.0
                                            ], 
                                            "sub_type": 1
                                        }
                                    ], 
                                    "condition_type": "FLOAT_COMPARE", 
                                    "element_id": 282771458000002, 
                                    "enable": true
                                }
                            ], 
                            "sub_type": 1
                        }, 
                        {
                            "arg_type": 100022, 
                            "args_list": [
                                {
                                    "action_type": "IF_THEN_ELSE", 
                                    "args_list": [
                                        {
                                            "arg_type": 100021, 
                                            "args_list": [
                                                {
                                                    "args_list": [
                                                        {
                                                            "arg_type": 100006, 
                                                            "args_list": [
                                                                [
                                                                    "UNIT_ENTITY", 
                                                                    "ucf", 
                                                                    "local"
                                                                ]
                                                            ], 
                                                            "sub_type": 11
                                                        }, 
                                                        {
                                                            "arg_type": 100003, 
                                                            "args_list": [
                                                                "\u624b\u52a8"
                                                            ], 
                                                            "sub_type": 1
                                                        }
                                                    ], 
                                                    "condition_type": "UNIT_HAS_TAG", 
                                                    "element_id": 1743269890980049, 
                                                    "enable": true
                                                }
                                            ], 
                                            "sub_type": 1
                                        }, 
                                        {
                                            "arg_type": 100022, 
                                            "args_list": [], 
                                            "sub_type": 1
                                        }, 
                                        {
                                            "arg_type": 100022, 
                                            "args_list": [
                                                {
                                                    "action_type": "UNIT_RELEASE_COMMAND", 
                                                    "args_list": [
                                                        {
                                                            "arg_type": 100006, 
                                                            "args_list": [
                                                                [
                                                                    "UNIT_ENTITY", 
                                                                    "ucf", 
                                                                    "local"
                                                                ]
                                                            ], 
                                                            "sub_type": 11
                                                        }, 
                                                        {
                                                            "arg_type": 100216, 
                                                            "args_list": [
                                                                {
                                                                    "arg_type": 100014, 
                                                                    "args_list": [], 
                                                                    "sub_type": "CUR_ABILITY"
                                                                }
                                                            ], 
                                                            "op_arg": [
                                                                {
                                                                    "arg_type": 100004, 
                                                                    "args_list": [
                                                                        {
                                                                            "arg_type": 100006, 
                                                                            "args_list": [
                                                                                {
                                                                                    "arg_type": 100014, 
                                                                                    "args_list": [], 
                                                                                    "sub_type": "DAMAGE_ABILITY"
                                                                                }
                                                                            ], 
                                                                            "sub_type": "TARGET_UNIT_IN_ABILITY"
                                                                        }
                                                                    ], 
                                                                    "sub_type": "UNIT_ENTITY_POINT"
                                                                }, 
                                                                null, 
                                                                {
                                                                    "arg_type": 100006, 
                                                                    "args_list": [
                                                                        {
                                                                            "arg_type": 100014, 
                                                                            "args_list": [], 
                                                                            "sub_type": "DAMAGE_ABILITY"
                                                                        }
                                                                    ], 
                                                                    "sub_type": "TARGET_UNIT_IN_ABILITY"
                                                                }, 
                                                                null, 
                                                                null
                                                            ], 
                                                            "op_arg_enable": [
                                                                false, 
                                                                false, 
                                                                false, 
                                                                false, 
                                                                false
                                                            ], 
                                                            "sub_type": "UNIT_COMMAND_USE_SKILL"
                                                        }
                                                    ], 
                                                    "bp": false, 
                                                    "element_id": 1742409730000003, 
                                                    "enable": true
                                                }
                                            ], 
                                            "sub_type": 1
                                        }
                                    ], 
                                    "bp": false, 
                                    "element_id": 1743269890980033, 
                                    "enable": true, 
                                    "fake_op": [
                                        2
                                    ]
                                }
                            ], 
                            "sub_type": 1
                        }, 
                        {
                            "arg_type": 100022, 
                            "args_list": [], 
                            "sub_type": 1
                        }
                    ], 
                    "bp": false, 
                    "element_id": 1642799106000011, 
                    "enable": true, 
                    "fake_op": [
                        2
                    ]
                }
            ], 
            "call_enabled": true, 
            "condition": [], 
            "enabled": false, 
            "event": [
                {
                    "args_list": [
                        {
                            "arg_type": 100014, 
                            "args_list": [
                                {
                                    "arg_type": 100006, 
                                    "args_list": [
                                        [
                                            "UNIT_ENTITY", 
                                            "ucf", 
                                            "local"
                                        ]
                                    ], 
                                    "sub_type": 11
                                }, 
                                {
                                    "arg_type": 100182, 
                                    "args_list": [
                                        1
                                    ], 
                                    "sub_type": 1
                                }, 
                                {
                                    "arg_type": 100002, 
                                    "args_list": [
                                        1
                                    ], 
                                    "sub_type": 1
                                }
                            ], 
                            "sub_type": "UNIT_ABILITY"
                        }, 
                        {
                            "arg_type": 100128, 
                            "args_list": [
                                "ET_ABILITY_CST_END"
                            ], 
                            "sub_type": 1
                        }
                    ], 
                    "element_id": 1642799106000001, 
                    "enable": true, 
                    "event_type": "SPECIAL_ABILITY_EVENT"
                }
            ], 
            "group_id": 0, 
            "is_conf": true, 
            "p_trigger_id": 300621825, 
            "trigger_id": 1642799106, 
            "trigger_name": "\u5b50\u89e6\u53d1\u5668", 
            "valid": true
        }, 
        "1826586631": {
            "action": [
                {
                    "action_type": "ADD_CUR_MP", 
                    "args_list": [
                        {
                            "arg_type": 100006, 
                            "args_list": [], 
                            "sub_type": "ABILITY_OWNER"
                        }, 
                        {
                            "arg_type": 100000, 
                            "args_list": [
                                20.0
                            ], 
                            "sub_type": 1
                        }
                    ], 
                    "bp": false, 
                    "element_id": 1826586631000002, 
                    "enable": true
                }
            ], 
            "call_enabled": true, 
            "condition": [], 
            "enabled": false, 
            "event": [
                {
                    "args_list": [
                        {
                            "arg_type": 100014, 
                            "args_list": [
                                {
                                    "arg_type": 100006, 
                                    "args_list": [
                                        [
                                            "UNIT_ENTITY", 
                                            "ucf", 
                                            "local"
                                        ], 
                                        null
                                    ], 
                                    "sub_type": 11
                                }, 
                                {
                                    "arg_type": 100182, 
                                    "args_list": [
                                        1
                                    ], 
                                    "sub_type": 1
                                }, 
                                {
                                    "arg_type": 100002, 
                                    "args_list": [
                                        1
                                    ], 
                                    "sub_type": 1
                                }
                            ], 
                            "sub_type": "UNIT_ABILITY"
                        }, 
                        {
                            "arg_type": 100128, 
                            "args_list": [
                                "ET_ABILITY_CST_END"
                            ], 
                            "sub_type": 1
                        }
                    ], 
                    "element_id": 1826586631000001, 
                    "enable": true, 
                    "event_type": "SPECIAL_ABILITY_EVENT"
                }
            ], 
            "group_id": 0, 
            "is_conf": true, 
            "p_trigger_id": 1356824582, 
            "trigger_id": 1826586631, 
            "trigger_name": "\u5b50\u89e6\u53d1\u5668_2", 
            "valid": true
        }
    }, 
    "trigger_group_info": [
        [
            1642799106, 
            "\u5b50\u89e6\u53d1\u5668"
        ], 
        [
            1826586631, 
            "\u5b50\u89e6\u53d1\u5668_2"
        ], 
        {
            "_trigger_group_": true, 
            "group": [
                [
                    300621825, 
                    "\u65b0\u5efa\u89e6\u53d1\u5668"
                ], 
                [
                    1031634947, 
                    "\u65b0\u5efa\u89e6\u53d1\u5668_2"
                ], 
                [
                    1356824582, 
                    "\u65b0\u5efa\u89e6\u53d1\u5668_3"
                ]
            ], 
            "key": 134232436, 
            "name": "134232436"
        }
    ], 
    "trigger_version": "1.2", 
    "variable_dict": {}, 
    "variable_group_info": [], 
    "variable_length_dict": {}
}