{
    "local_variable": {
        "1710825473": {
            "variable_dict": {
                "ABILITY": {
                    "sk": null
                }, 
                "FLOAT": {
                    "fw": 0.0
                }, 
                "POINT": {
                    "p": [
                        0, 
                        0, 
                        0
                    ]
                }, 
                "UNIT_ENTITY": {
                    "ucf": 0
                }
            }, 
            "variable_length_dict": {
                "fw": 0, 
                "p": 0, 
                "sk": 0, 
                "ucf": 0
            }
        }, 
        "1743269890": {
            "variable_dict": {
                "FLOAT": {
                    "cxt": 0.0, 
                    "cxt2": 0.0, 
                    "rsh": 0.0
                }, 
                "INTEGER": {
                    "i": 0
                }, 
                "PLAYER": {
                    "wj": 0
                }, 
                "POINT": {
                    "p": [
                        0, 
                        0, 
                        0
                    ]
                }, 
                "PROJECTILE_ENTITY": {
                    "tsw": 0
                }, 
                "UNIT_ENTITY": {
                    "u": 0
                }, 
                "UNIT_NAME": {
                    "uid": 0
                }
            }, 
            "variable_length_dict": {
                "cxt": 0, 
                "cxt2": 0, 
                "i": 0, 
                "p": 0, 
                "rsh": 0, 
                "tsw": 0, 
                "u": 0, 
                "uid": 0, 
                "wj": 0
            }
        }
    }, 
    "trigger_dict": {
        "1710825473": {
            "action": [
                {
                    "action_type": "SET_VARIABLE", 
                    "args_list": [
                        {
                            "arg_type": 100030, 
                            "args_list": [
                                [
                                    "ABILITY", 
                                    "sk", 
                                    "local"
                                ]
                            ], 
                            "sub_type": 1
                        }, 
                        {
                            "arg_type": 100014, 
                            "args_list": [], 
                            "sub_type": "CUR_ABILITY"
                        }
                    ], 
                    "bp": false, 
                    "element_id": 17108254730002, 
                    "enable": true
                }, 
                {
                    "action_type": "SET_VARIABLE", 
                    "args_list": [
                        {
                            "arg_type": 100030, 
                            "args_list": [
                                [
                                    "UNIT_ENTITY", 
                                    "ucf", 
                                    "local"
                                ]
                            ], 
                            "sub_type": 1
                        }, 
                        {
                            "arg_type": 100006, 
                            "args_list": [], 
                            "sub_type": "ABILITY_OWNER"
                        }
                    ], 
                    "bp": false, 
                    "element_id": 17108254730003, 
                    "enable": true
                }, 
                1743269890
            ], 
            "call_enabled": true, 
            "condition": [], 
            "enabled": true, 
            "event": [
                {
                    "args_list": [], 
                    "element_id": 17108254730001, 
                    "enable": true, 
                    "event_type": "ABILITY_OBTAIN"
                }
            ], 
            "group_id": 134246167, 
            "p_trigger_id": null, 
            "trigger_id": 1710825473, 
            "trigger_name": "\u65b0\u5efa\u89e6\u53d1\u5668", 
            "valid": true
        }, 
        "1743269890": {
            "action": [
                {
                    "action_type": "IF_THEN_ELSE", 
                    "args_list": [
                        {
                            "arg_type": 100021, 
                            "args_list": [
                                {
                                    "args_list": [
                                        {
                                            "arg_type": 100000, 
                                            "args_list": [
                                                {
                                                    "arg_type": 100014, 
                                                    "args_list": [
                                                        [
                                                            "ABILITY", 
                                                            "sk", 
                                                            "local"
                                                        ], 
                                                        null
                                                    ], 
                                                    "sub_type": 2
                                                }, 
                                                {
                                                    "arg_type": 100003, 
                                                    "args_list": [
                                                        "\u89e6\u53d1\u6982\u7387"
                                                    ], 
                                                    "sub_type": 1
                                                }
                                            ], 
                                            "sub_type": "GET_FLOAT_KV"
                                        }, 
                                        {
                                            "arg_type": 100015, 
                                            "args_list": [
                                                ">="
                                            ], 
                                            "sub_type": 1
                                        }, 
                                        {
                                            "arg_type": 100000, 
                                            "args_list": [
                                                {
                                                    "arg_type": 100000, 
                                                    "args_list": [
                                                        0.0
                                                    ], 
                                                    "sub_type": 1
                                                }, 
                                                {
                                                    "arg_type": 100000, 
                                                    "args_list": [
                                                        100.0
                                                    ], 
                                                    "sub_type": 1
                                                }
                                            ], 
                                            "sub_type": "RANDOM_FLOAT"
                                        }
                                    ], 
                                    "condition_type": "FLOAT_COMPARE", 
                                    "element_id": 6370836500002, 
                                    "enable": true
                                }
                            ], 
                            "sub_type": 1
                        }, 
                        {
                            "arg_type": 100022, 
                            "args_list": [
                                {
                                    "action_type": "SET_VARIABLE", 
                                    "args_list": [
                                        {
                                            "arg_type": 100030, 
                                            "args_list": [
                                                [
                                                    "FLOAT", 
                                                    "fw", 
                                                    "local"
                                                ]
                                            ], 
                                            "sub_type": 1
                                        }, 
                                        {
                                            "arg_type": 100000, 
                                            "args_list": [
                                                {
                                                    "arg_type": 100014, 
                                                    "args_list": [
                                                        [
                                                            "ABILITY", 
                                                            "sk", 
                                                            "local"
                                                        ], 
                                                        null
                                                    ], 
                                                    "sub_type": 2
                                                }, 
                                                {
                                                    "arg_type": 100078, 
                                                    "args_list": [
                                                        "ability_damage_range"
                                                    ], 
                                                    "sub_type": 1
                                                }
                                            ], 
                                            "sub_type": "GET_ABILITY_FLOAT_ATTR"
                                        }
                                    ], 
                                    "bp": false, 
                                    "element_id": 6370836500005, 
                                    "enable": true
                                }, 
                                {
                                    "action_type": "SET_VARIABLE", 
                                    "args_list": [
                                        {
                                            "arg_type": 100030, 
                                            "args_list": [
                                                [
                                                    "POINT", 
                                                    "p", 
                                                    "local"
                                                ]
                                            ], 
                                            "sub_type": 1
                                        }, 
                                        {
                                            "arg_type": 100004, 
                                            "args_list": [
                                                {
                                                    "arg_type": 100006, 
                                                    "args_list": [
                                                        [
                                                            "UNIT_ENTITY", 
                                                            "ucf", 
                                                            "local"
                                                        ], 
                                                        null
                                                    ], 
                                                    "sub_type": 11
                                                }
                                            ], 
                                            "sub_type": "UNIT_ENTITY_POINT"
                                        }
                                    ], 
                                    "bp": false, 
                                    "element_id": 6370836500006, 
                                    "enable": true
                                }, 
                                {
                                    "action_type": "SET_VARIABLE", 
                                    "args_list": [
                                        {
                                            "arg_type": 100030, 
                                            "args_list": [
                                                [
                                                    "FLOAT", 
                                                    "cxt", 
                                                    "local"
                                                ]
                                            ], 
                                            "sub_type": 1
                                        }, 
                                        {
                                            "arg_type": 100000, 
                                            "args_list": [
                                                {
                                                    "arg_type": 100014, 
                                                    "args_list": [
                                                        [
                                                            "ABILITY", 
                                                            "sk", 
                                                            "local"
                                                        ], 
                                                        null
                                                    ], 
                                                    "sub_type": 2
                                                }, 
                                                {
                                                    "arg_type": 100003, 
                                                    "args_list": [
                                                        "\u6301\u7eed\u65f6\u95f4"
                                                    ], 
                                                    "sub_type": 1
                                                }
                                            ], 
                                            "sub_type": "GET_FLOAT_KV"
                                        }
                                    ], 
                                    "bp": false, 
                                    "element_id": 18439208980007, 
                                    "enable": true
                                }, 
                                {
                                    "action_type": "SET_VARIABLE", 
                                    "args_list": [
                                        {
                                            "arg_type": 100030, 
                                            "args_list": [
                                                [
                                                    "FLOAT", 
                                                    "cxt2", 
                                                    "local"
                                                ]
                                            ], 
                                            "sub_type": 1
                                        }, 
                                        {
                                            "arg_type": 100000, 
                                            "args_list": [
                                                {
                                                    "arg_type": 100014, 
                                                    "args_list": [
                                                        [
                                                            "ABILITY", 
                                                            "sk", 
                                                            "local"
                                                        ], 
                                                        null
                                                    ], 
                                                    "sub_type": 2
                                                }, 
                                                {
                                                    "arg_type": 100003, 
                                                    "args_list": [
                                                        "\u82f1\u96c4\u6301\u7eed\u65f6\u95f4"
                                                    ], 
                                                    "sub_type": 1
                                                }
                                            ], 
                                            "sub_type": "GET_FLOAT_KV"
                                        }
                                    ], 
                                    "bp": false, 
                                    "element_id": 17432699880109, 
                                    "enable": true
                                }, 
                                {
                                    "action_type": "SET_VARIABLE", 
                                    "args_list": [
                                        {
                                            "arg_type": 100030, 
                                            "args_list": [
                                                [
                                                    "FLOAT", 
                                                    "rsh", 
                                                    "local"
                                                ]
                                            ], 
                                            "sub_type": 1
                                        }, 
                                        {
                                            "arg_type": 100000, 
                                            "args_list": [
                                                {
                                                    "arg_type": 100014, 
                                                    "args_list": [
                                                        [
                                                            "ABILITY", 
                                                            "sk", 
                                                            "local"
                                                        ], 
                                                        null
                                                    ], 
                                                    "sub_type": 2
                                                }, 
                                                {
                                                    "arg_type": 100078, 
                                                    "args_list": [
                                                        "ability_damage"
                                                    ], 
                                                    "sub_type": 1
                                                }
                                            ], 
                                            "sub_type": "GET_ABILITY_FLOAT_ATTR"
                                        }
                                    ], 
                                    "bp": false, 
                                    "element_id": 17432699880103, 
                                    "enable": true
                                }, 
                                {
                                    "action_type": "SET_VARIABLE", 
                                    "args_list": [
                                        {
                                            "arg_type": 100077, 
                                            "args_list": [
                                                [
                                                    "PROJECTILE_ENTITY", 
                                                    "tsw", 
                                                    "local"
                                                ], 
                                                null
                                            ], 
                                            "sub_type": "VARIABLE"
                                        }, 
                                        {
                                            "arg_type": 100077, 
                                            "args_list": [
                                                {
                                                    "arg_type": 100062, 
                                                    "args_list": [
                                                        134271915
                                                    ], 
                                                    "sub_type": 1
                                                }, 
                                                {
                                                    "arg_type": 100006, 
                                                    "args_list": [], 
                                                    "sub_type": "ABILITY_OWNER"
                                                }, 
                                                {
                                                    "arg_type": 100003, 
                                                    "args_list": [
                                                        "attack1"
                                                    ], 
                                                    "sub_type": 1
                                                }, 
                                                {
                                                    "arg_type": 100225, 
                                                    "args_list": [
                                                        {
                                                            "arg_type": 100000, 
                                                            "args_list": [
                                                                {
                                                                    "arg_type": 100225, 
                                                                    "args_list": [
                                                                        {
                                                                            "arg_type": 100006, 
                                                                            "args_list": [], 
                                                                            "sub_type": "ABILITY_OWNER"
                                                                        }
                                                                    ], 
                                                                    "sub_type": "UNIT_FACE_ANGLE"
                                                                }
                                                            ], 
                                                            "sub_type": "GET_FLOAT_BY_ANGLE"
                                                        }
                                                    ], 
                                                    "sub_type": "GET_ANGLE_BY_FLOAT"
                                                }, 
                                                {
                                                    "arg_type": 100006, 
                                                    "args_list": [], 
                                                    "sub_type": "ABILITY_OWNER"
                                                }, 
                                                {
                                                    "arg_type": 100014, 
                                                    "args_list": [], 
                                                    "sub_type": "CUR_ABILITY"
                                                }
                                            ], 
                                            "op_arg": [
                                                null, 
                                                null, 
                                                null
                                            ], 
                                            "op_arg_enable": [
                                                false, 
                                                false, 
                                                false
                                            ], 
                                            "sub_type": "CREATE_PROJECTILE_ON_SOCKET"
                                        }
                                    ], 
                                    "bp": false, 
                                    "element_id": 549847060006, 
                                    "enable": true
                                }, 
                                {
                                    "action_type": "CREATE_STRAIGHT_MOVER", 
                                    "args_list": [
                                        {
                                            "arg_type": 100077, 
                                            "args_list": [
                                                [
                                                    "PROJECTILE_ENTITY", 
                                                    "tsw", 
                                                    "local"
                                                ], 
                                                null
                                            ], 
                                            "sub_type": "VARIABLE"
                                        }, 
                                        {
                                            "arg_type": 100225, 
                                            "args_list": [
                                                {
                                                    "arg_type": 100000, 
                                                    "args_list": [
                                                        {
                                                            "arg_type": 100225, 
                                                            "args_list": [
                                                                {
                                                                    "arg_type": 100004, 
                                                                    "args_list": [
                                                                        {
                                                                            "arg_type": 100006, 
                                                                            "args_list": [], 
                                                                            "sub_type": "ABILITY_OWNER"
                                                                        }
                                                                    ], 
                                                                    "sub_type": "UNIT_ENTITY_POINT"
                                                                }, 
                                                                {
                                                                    "arg_type": 100004, 
                                                                    "args_list": [
                                                                        {
                                                                            "arg_type": 100014, 
                                                                            "args_list": [], 
                                                                            "sub_type": "DAMAGE_ABILITY"
                                                                        }
                                                                    ], 
                                                                    "sub_type": "ABILITY_RELEASE_POSITION"
                                                                }
                                                            ], 
                                                            "sub_type": "GET_POINTS_ANGLE"
                                                        }
                                                    ], 
                                                    "sub_type": "GET_FLOAT_BY_ANGLE"
                                                }
                                            ], 
                                            "sub_type": "GET_ANGLE_BY_FLOAT"
                                        }, 
                                        {
                                            "arg_type": 100000, 
                                            "args_list": [
                                                {
                                                    "arg_type": 100014, 
                                                    "args_list": [
                                                        [
                                                            "ABILITY", 
                                                            "sk", 
                                                            "local"
                                                        ], 
                                                        null
                                                    ], 
                                                    "sub_type": 2
                                                }, 
                                                {
                                                    "arg_type": 100078, 
                                                    "args_list": [
                                                        "ability_cast_range"
                                                    ], 
                                                    "sub_type": 1
                                                }
                                            ], 
                                            "sub_type": "GET_ABILITY_FLOAT_ATTR"
                                        }, 
                                        {
                                            "arg_type": 100000, 
                                            "args_list": [
                                                1600.0
                                            ], 
                                            "sub_type": 1
                                        }, 
                                        {
                                            "arg_type": 100000, 
                                            "args_list": [
                                                0
                                            ], 
                                            "sub_type": 1
                                        }, 
                                        {
                                            "arg_type": 100022, 
                                            "args_list": [
                                                {
                                                    "action_type": "PROJECTILE_DELETE", 
                                                    "args_list": [
                                                        {
                                                            "arg_type": 100077, 
                                                            "args_list": [
                                                                [
                                                                    "PROJECTILE_ENTITY", 
                                                                    "tsw", 
                                                                    "local"
                                                                ], 
                                                                null
                                                            ], 
                                                            "sub_type": "VARIABLE"
                                                        }
                                                    ], 
                                                    "bp": false, 
                                                    "element_id": 1743269890980365, 
                                                    "enable": true, 
                                                    "op_arg": [
                                                        {
                                                            "arg_type": 100001, 
                                                            "args_list": [
                                                                true
                                                            ], 
                                                            "sub_type": 1
                                                        }
                                                    ], 
                                                    "op_arg_enable": [
                                                        false
                                                    ]
                                                }
                                            ], 
                                            "sub_type": 1
                                        }, 
                                        {
                                            "arg_type": 100022, 
                                            "args_list": [], 
                                            "sub_type": 1
                                        }, 
                                        {
                                            "arg_type": 100022, 
                                            "args_list": [], 
                                            "sub_type": 1
                                        }, 
                                        {
                                            "arg_type": 100022, 
                                            "args_list": [], 
                                            "sub_type": 1
                                        }, 
                                        {
                                            "arg_type": 100022, 
                                            "args_list": [
                                                {
                                                    "action_type": "SET_VARIABLE", 
                                                    "args_list": [
                                                        {
                                                            "arg_type": 100030, 
                                                            "args_list": [
                                                                [
                                                                    "UNIT_ENTITY", 
                                                                    "u", 
                                                                    "local"
                                                                ]
                                                            ], 
                                                            "sub_type": 1
                                                        }, 
                                                        {
                                                            "arg_type": 100006, 
                                                            "args_list": [], 
                                                            "sub_type": "MOVER_COLLIDE_UNIT"
                                                        }
                                                    ], 
                                                    "bp": false, 
                                                    "element_id": 1743269890980366, 
                                                    "enable": true
                                                }, 
                                                {
                                                    "action_type": "CREATE_SFX_ON_UNIT", 
                                                    "args_list": [
                                                        {
                                                            "arg_type": 100066, 
                                                            "args_list": [
                                                                103467
                                                            ], 
                                                            "sub_type": 1
                                                        }, 
                                                        {
                                                            "arg_type": 100006, 
                                                            "args_list": [
                                                                [
                                                                    "UNIT_ENTITY", 
                                                                    "u", 
                                                                    "local"
                                                                ], 
                                                                null
                                                            ], 
                                                            "sub_type": 11
                                                        }, 
                                                        {
                                                            "arg_type": 100003, 
                                                            "args_list": [
                                                                "blood"
                                                            ], 
                                                            "sub_type": 1
                                                        }, 
                                                        {
                                                            "arg_type": 100001, 
                                                            "args_list": [
                                                                true
                                                            ], 
                                                            "sub_type": 1
                                                        }, 
                                                        {
                                                            "arg_type": 100001, 
                                                            "args_list": [
                                                                true
                                                            ], 
                                                            "sub_type": 1
                                                        }
                                                    ], 
                                                    "bp": false, 
                                                    "element_id": 1743269890980367, 
                                                    "enable": true, 
                                                    "op_arg": [
                                                        {
                                                            "arg_type": 100000, 
                                                            "args_list": [
                                                                2.0
                                                            ], 
                                                            "sub_type": 1
                                                        }, 
                                                        {
                                                            "arg_type": 100000, 
                                                            "args_list": [
                                                                1.0
                                                            ], 
                                                            "sub_type": 1
                                                        }, 
                                                        null, 
                                                        null
                                                    ], 
                                                    "op_arg_enable": [
                                                        true, 
                                                        true, 
                                                        false, 
                                                        false
                                                    ]
                                                }, 
                                                {
                                                    "action_type": "APPLY_DAMAGE", 
                                                    "args_list": [
                                                        {
                                                            "arg_type": 100006, 
                                                            "args_list": [
                                                                [
                                                                    "UNIT_ENTITY", 
                                                                    "ucf", 
                                                                    "local"
                                                                ]
                                                            ], 
                                                            "sub_type": 11
                                                        }, 
                                                        {
                                                            "arg_type": 100014, 
                                                            "args_list": [], 
                                                            "sub_type": "CUR_ABILITY"
                                                        }, 
                                                        {
                                                            "arg_type": 100006, 
                                                            "args_list": [
                                                                [
                                                                    "UNIT_ENTITY", 
                                                                    "u", 
                                                                    "local"
                                                                ]
                                                            ], 
                                                            "sub_type": 11
                                                        }, 
                                                        {
                                                            "arg_type": 100064, 
                                                            "args_list": [
                                                                1
                                                            ], 
                                                            "sub_type": 1
                                                        }, 
                                                        {
                                                            "arg_type": 100000, 
                                                            "args_list": [
                                                                [
                                                                    "FLOAT", 
                                                                    "rsh", 
                                                                    "local"
                                                                ]
                                                            ], 
                                                            "sub_type": 2
                                                        }, 
                                                        {
                                                            "arg_type": 100001, 
                                                            "args_list": [
                                                                true
                                                            ], 
                                                            "sub_type": 1
                                                        }
                                                    ], 
                                                    "bp": false, 
                                                    "element_id": 1743269890980368, 
                                                    "enable": true, 
                                                    "op_arg": [
                                                        {
                                                            "arg_type": 100001, 
                                                            "args_list": [
                                                                true
                                                            ], 
                                                            "sub_type": 1
                                                        }, 
                                                        {
                                                            "arg_type": 100001, 
                                                            "args_list": [
                                                                true
                                                            ], 
                                                            "sub_type": 1
                                                        }, 
                                                        {
                                                            "arg_type": 100001, 
                                                            "args_list": [
                                                                true
                                                            ], 
                                                            "sub_type": 1
                                                        }, 
                                                        null, 
                                                        null, 
                                                        null
                                                    ], 
                                                    "op_arg_enable": [
                                                        false, 
                                                        false, 
                                                        false, 
                                                        false, 
                                                        false, 
                                                        false
                                                    ]
                                                }, 
                                                {
                                                    "action_type": "IF_THEN_ELSE", 
                                                    "args_list": [
                                                        {
                                                            "arg_type": 100021, 
                                                            "args_list": [
                                                                {
                                                                    "args_list": [
                                                                        {
                                                                            "arg_type": 100010, 
                                                                            "args_list": [
                                                                                {
                                                                                    "arg_type": 100006, 
                                                                                    "args_list": [
                                                                                        [
                                                                                            "UNIT_ENTITY", 
                                                                                            "u", 
                                                                                            "local"
                                                                                        ], 
                                                                                        null
                                                                                    ], 
                                                                                    "sub_type": 11
                                                                                }
                                                                            ], 
                                                                            "sub_type": "GET_UNIT_TYPE"
                                                                        }, 
                                                                        {
                                                                            "arg_type": 100035, 
                                                                            "args_list": [
                                                                                "=="
                                                                            ], 
                                                                            "sub_type": 1
                                                                        }, 
                                                                        {
                                                                            "arg_type": 100010, 
                                                                            "args_list": [
                                                                                1
                                                                            ], 
                                                                            "sub_type": 1
                                                                        }
                                                                    ], 
                                                                    "condition_type": "UNIT_TYPE_COMPARE", 
                                                                    "element_id": 1743269890980369, 
                                                                    "enable": true
                                                                }
                                                            ], 
                                                            "sub_type": 1
                                                        }, 
                                                        {
                                                            "arg_type": 100022, 
                                                            "args_list": [
                                                                {
                                                                    "action_type": "ADD_MODIFIER", 
                                                                    "args_list": [
                                                                        {
                                                                            "arg_type": 100006, 
                                                                            "args_list": [
                                                                                [
                                                                                    "UNIT_ENTITY", 
                                                                                    "u", 
                                                                                    "local"
                                                                                ], 
                                                                                null
                                                                            ], 
                                                                            "sub_type": 11
                                                                        }, 
                                                                        {
                                                                            "arg_type": 100046, 
                                                                            "args_list": [
                                                                                1000
                                                                            ], 
                                                                            "sub_type": 1
                                                                        }
                                                                    ], 
                                                                    "bp": false, 
                                                                    "element_id": 1743269890980370, 
                                                                    "enable": true, 
                                                                    "op_arg": [
                                                                        {
                                                                            "arg_type": 100006, 
                                                                            "args_list": [
                                                                                [
                                                                                    "UNIT_ENTITY", 
                                                                                    "ucf", 
                                                                                    "local"
                                                                                ], 
                                                                                null
                                                                            ], 
                                                                            "sub_type": 11
                                                                        }, 
                                                                        {
                                                                            "arg_type": 100014, 
                                                                            "args_list": [], 
                                                                            "sub_type": "CUR_ABILITY"
                                                                        }, 
                                                                        {
                                                                            "arg_type": 100000, 
                                                                            "args_list": [
                                                                                [
                                                                                    "FLOAT", 
                                                                                    "cxt2", 
                                                                                    "local"
                                                                                ], 
                                                                                null
                                                                            ], 
                                                                            "sub_type": 2
                                                                        }, 
                                                                        null, 
                                                                        null
                                                                    ], 
                                                                    "op_arg_enable": [
                                                                        true, 
                                                                        true, 
                                                                        true, 
                                                                        false, 
                                                                        false
                                                                    ]
                                                                }
                                                            ], 
                                                            "sub_type": 1
                                                        }, 
                                                        {
                                                            "arg_type": 100022, 
                                                            "args_list": [
                                                                {
                                                                    "action_type": "ADD_MODIFIER", 
                                                                    "args_list": [
                                                                        {
                                                                            "arg_type": 100006, 
                                                                            "args_list": [
                                                                                [
                                                                                    "UNIT_ENTITY", 
                                                                                    "u", 
                                                                                    "local"
                                                                                ], 
                                                                                null
                                                                            ], 
                                                                            "sub_type": 11
                                                                        }, 
                                                                        {
                                                                            "arg_type": 100046, 
                                                                            "args_list": [
                                                                                1000
                                                                            ], 
                                                                            "sub_type": 1
                                                                        }
                                                                    ], 
                                                                    "bp": false, 
                                                                    "element_id": 1743269890980371, 
                                                                    "enable": true, 
                                                                    "op_arg": [
                                                                        {
                                                                            "arg_type": 100006, 
                                                                            "args_list": [
                                                                                [
                                                                                    "UNIT_ENTITY", 
                                                                                    "ucf", 
                                                                                    "local"
                                                                                ], 
                                                                                null
                                                                            ], 
                                                                            "sub_type": 11
                                                                        }, 
                                                                        {
                                                                            "arg_type": 100014, 
                                                                            "args_list": [], 
                                                                            "sub_type": "CUR_ABILITY"
                                                                        }, 
                                                                        {
                                                                            "arg_type": 100000, 
                                                                            "args_list": [
                                                                                [
                                                                                    "FLOAT", 
                                                                                    "cxt", 
                                                                                    "local"
                                                                                ], 
                                                                                null
                                                                            ], 
                                                                            "sub_type": 2
                                                                        }, 
                                                                        null, 
                                                                        null
                                                                    ], 
                                                                    "op_arg_enable": [
                                                                        true, 
                                                                        true, 
                                                                        true, 
                                                                        false, 
                                                                        false
                                                                    ]
                                                                }
                                                            ], 
                                                            "sub_type": 1
                                                        }
                                                    ], 
                                                    "bp": false, 
                                                    "element_id": 1743269890980372, 
                                                    "enable": true, 
                                                    "fake_op": [
                                                        2
                                                    ]
                                                }
                                            ], 
                                            "sub_type": 1
                                        }
                                    ], 
                                    "bp": false, 
                                    "element_id": 1743269890980018, 
                                    "enable": true, 
                                    "fake_op": [
                                        9
                                    ], 
                                    "local_var": [
                                        {}, 
                                        {}
                                    ], 
                                    "op_arg": [
                                        null, 
                                        null, 
                                        {
                                            "arg_type": 100000, 
                                            "args_list": [
                                                250.0
                                            ], 
                                            "sub_type": 1
                                        }, 
                                        {
                                            "arg_type": 100000, 
                                            "args_list": [
                                                250.0
                                            ], 
                                            "sub_type": 1
                                        }, 
                                        {
                                            "arg_type": 100000, 
                                            "args_list": [
                                                0.0
                                            ], 
                                            "sub_type": 1
                                        }, 
                                        {
                                            "arg_type": 100176, 
                                            "args_list": [
                                                0
                                            ], 
                                            "sub_type": 1
                                        }, 
                                        {
                                            "arg_type": 100000, 
                                            "args_list": [
                                                {
                                                    "arg_type": 100014, 
                                                    "args_list": [
                                                        [
                                                            "ABILITY", 
                                                            "sk", 
                                                            "local"
                                                        ], 
                                                        null
                                                    ], 
                                                    "sub_type": 2
                                                }, 
                                                {
                                                    "arg_type": 100078, 
                                                    "args_list": [
                                                        "ability_damage_range"
                                                    ], 
                                                    "sub_type": 1
                                                }
                                            ], 
                                            "sub_type": "GET_ABILITY_FLOAT_ATTR"
                                        }, 
                                        null, 
                                        null, 
                                        null, 
                                        null, 
                                        {
                                            "arg_type": 100001, 
                                            "args_list": [
                                                true
                                            ], 
                                            "sub_type": 1
                                        }, 
                                        null, 
                                        null, 
                                        null, 
                                        null
                                    ], 
                                    "op_arg_enable": [
                                        false, 
                                        false, 
                                        true, 
                                        true, 
                                        false, 
                                        true, 
                                        true, 
                                        false, 
                                        false, 
                                        false, 
                                        false, 
                                        true, 
                                        false, 
                                        false, 
                                        false, 
                                        false
                                    ]
                                }, 
                                {
                                    "action_type": "FOR_INT_DO_ACTION", 
                                    "args_list": [
                                        {
                                            "arg_type": 100002, 
                                            "args_list": [
                                                [
                                                    "INTEGER", 
                                                    "i", 
                                                    "local"
                                                ]
                                            ], 
                                            "sub_type": 6
                                        }, 
                                        {
                                            "arg_type": 100002, 
                                            "args_list": [
                                                1
                                            ], 
                                            "sub_type": 1
                                        }, 
                                        {
                                            "arg_type": 100002, 
                                            "args_list": [
                                                4
                                            ], 
                                            "sub_type": 1
                                        }, 
                                        {
                                            "arg_type": 100022, 
                                            "args_list": [
                                                {
                                                    "action_type": "PLAY_3D_SOUND_FOR_PLAYER", 
                                                    "args_list": [
                                                        {
                                                            "arg_type": 100025, 
                                                            "args_list": [
                                                                {
                                                                    "arg_type": 100002, 
                                                                    "args_list": [
                                                                        [
                                                                            "INTEGER", 
                                                                            "i", 
                                                                            "local"
                                                                        ]
                                                                    ], 
                                                                    "sub_type": 6
                                                                }
                                                            ], 
                                                            "sub_type": "GET_ROLE_BY_INT"
                                                        }, 
                                                        {
                                                            "arg_type": 100084, 
                                                            "args_list": [
                                                                134278282
                                                            ], 
                                                            "sub_type": 1
                                                        }, 
                                                        {
                                                            "arg_type": 100004, 
                                                            "args_list": [
                                                                {
                                                                    "arg_type": 100006, 
                                                                    "args_list": [], 
                                                                    "sub_type": "ABILITY_OWNER"
                                                                }
                                                            ], 
                                                            "sub_type": "UNIT_ENTITY_POINT"
                                                        }, 
                                                        {
                                                            "arg_type": 100000, 
                                                            "args_list": [
                                                                {
                                                                    "arg_type": 100006, 
                                                                    "args_list": [], 
                                                                    "sub_type": "ABILITY_OWNER"
                                                                }
                                                            ], 
                                                            "sub_type": "UNIT_GET_HEIGHT"
                                                        }, 
                                                        {
                                                            "arg_type": 100001, 
                                                            "args_list": [
                                                                false
                                                            ], 
                                                            "sub_type": 1
                                                        }
                                                    ], 
                                                    "bp": false, 
                                                    "element_id": 1743269890980016, 
                                                    "enable": true, 
                                                    "op_arg": [
                                                        null, 
                                                        null, 
                                                        null
                                                    ], 
                                                    "op_arg_enable": [
                                                        false, 
                                                        false, 
                                                        false
                                                    ]
                                                }
                                            ], 
                                            "sub_type": 1
                                        }
                                    ], 
                                    "bp": false, 
                                    "element_id": 1644036097970344, 
                                    "enable": true
                                }
                            ], 
                            "sub_type": 1
                        }, 
                        {
                            "arg_type": 100022, 
                            "args_list": [], 
                            "sub_type": 1
                        }
                    ], 
                    "bp": false, 
                    "element_id": 6370836500016, 
                    "enable": true, 
                    "fake_op": [
                        2
                    ]
                }
            ], 
            "call_enabled": true, 
            "condition": [], 
            "enabled": false, 
            "event": [
                {
                    "args_list": [
                        {
                            "arg_type": 100014, 
                            "args_list": [
                                {
                                    "arg_type": 100006, 
                                    "args_list": [
                                        [
                                            "UNIT_ENTITY", 
                                            "ucf", 
                                            "local"
                                        ], 
                                        null
                                    ], 
                                    "sub_type": 11
                                }, 
                                {
                                    "arg_type": 100182, 
                                    "args_list": [
                                        1
                                    ], 
                                    "sub_type": 1
                                }, 
                                {
                                    "arg_type": 100002, 
                                    "args_list": [
                                        1
                                    ], 
                                    "sub_type": 1
                                }
                            ], 
                            "sub_type": "UNIT_ABILITY"
                        }, 
                        {
                            "arg_type": 100128, 
                            "args_list": [
                                "ET_ABILITY_CST_END"
                            ], 
                            "sub_type": 1
                        }
                    ], 
                    "element_id": 17432698900001, 
                    "enable": true, 
                    "event_type": "SPECIAL_ABILITY_EVENT"
                }
            ], 
            "group_id": 0, 
            "is_conf": true, 
            "p_trigger_id": 1710825473, 
            "trigger_id": 1743269890, 
            "trigger_name": "\u5b50\u89e6\u53d1\u5668", 
            "valid": true
        }
    }, 
    "trigger_group_info": [
        [
            1743269890, 
            "\u5b50\u89e6\u53d1\u5668"
        ], 
        {
            "_trigger_group_": true, 
            "group": [
                [
                    1710825473, 
                    "\u65b0\u5efa\u89e6\u53d1\u5668"
                ]
            ], 
            "key": 134246167, 
            "name": "134246167"
        }
    ], 
    "trigger_version": "1.2", 
    "variable_dict": {}, 
    "variable_group_info": [], 
    "variable_length_dict": {}
}