{
    "local_variable": {
        "637083650": {
            "variable_dict": {
                "FLOAT": {
                    "rsh": 0.0
                }, 
                "INTEGER": {
                    "i": 0
                }, 
                "UNIT_ENTITY": {
                    "ucf": 0
                }
            }, 
            "variable_length_dict": {
                "i": 0, 
                "rsh": 0, 
                "ucf": 0
            }
        }, 
        "1710825473": {
            "variable_dict": {
                "ABILITY": {
                    "sk": null
                }, 
                "FLOAT": {
                    "fw": 0.0, 
                    "fw2": 0.0, 
                    "rsh": 0.0
                }, 
                "POINT": {
                    "p": [
                        0, 
                        0, 
                        0
                    ]
                }, 
                "UNIT_ENTITY": {
                    "ucf": 0
                }
            }, 
            "variable_length_dict": {
                "fw": 0, 
                "fw2": 0, 
                "p": 0, 
                "rsh": 0, 
                "sk": 0, 
                "ucf": 0
            }
        }
    }, 
    "trigger_dict": {
        "637083650": {
            "action": [
                {
                    "action_type": "IF_THEN_ELSE", 
                    "args_list": [
                        {
                            "arg_type": 100021, 
                            "args_list": [
                                {
                                    "args_list": [
                                        {
                                            "arg_type": 100000, 
                                            "args_list": [
                                                {
                                                    "arg_type": 100014, 
                                                    "args_list": [
                                                        [
                                                            "ABILITY", 
                                                            "sk", 
                                                            "local"
                                                        ], 
                                                        null
                                                    ], 
                                                    "sub_type": 2
                                                }, 
                                                {
                                                    "arg_type": 100003, 
                                                    "args_list": [
                                                        "\u89e6\u53d1\u6982\u7387"
                                                    ], 
                                                    "sub_type": 1
                                                }
                                            ], 
                                            "sub_type": "GET_FLOAT_KV"
                                        }, 
                                        {
                                            "arg_type": 100015, 
                                            "args_list": [
                                                ">="
                                            ], 
                                            "sub_type": 1
                                        }, 
                                        {
                                            "arg_type": 100000, 
                                            "args_list": [
                                                {
                                                    "arg_type": 100000, 
                                                    "args_list": [
                                                        0.0
                                                    ], 
                                                    "sub_type": 1
                                                }, 
                                                {
                                                    "arg_type": 100000, 
                                                    "args_list": [
                                                        100.0
                                                    ], 
                                                    "sub_type": 1
                                                }
                                            ], 
                                            "sub_type": "RANDOM_FLOAT"
                                        }
                                    ], 
                                    "condition_type": "FLOAT_COMPARE", 
                                    "element_id": 6370836500002, 
                                    "enable": true
                                }
                            ], 
                            "sub_type": 1
                        }, 
                        {
                            "arg_type": 100022, 
                            "args_list": [
                                {
                                    "action_type": "SET_VARIABLE", 
                                    "args_list": [
                                        {
                                            "arg_type": 100030, 
                                            "args_list": [
                                                [
                                                    "FLOAT", 
                                                    "rsh", 
                                                    "local"
                                                ]
                                            ], 
                                            "sub_type": 1
                                        }, 
                                        {
                                            "arg_type": 100000, 
                                            "args_list": [
                                                {
                                                    "arg_type": 100014, 
                                                    "args_list": [
                                                        [
                                                            "ABILITY", 
                                                            "sk", 
                                                            "local"
                                                        ], 
                                                        null
                                                    ], 
                                                    "sub_type": 2
                                                }, 
                                                {
                                                    "arg_type": 100078, 
                                                    "args_list": [
                                                        "ability_damage"
                                                    ], 
                                                    "sub_type": 1
                                                }
                                            ], 
                                            "sub_type": "GET_ABILITY_FLOAT_ATTR"
                                        }
                                    ], 
                                    "bp": false, 
                                    "element_id": 6370836500003, 
                                    "enable": true
                                }, 
                                {
                                    "action_type": "SET_VARIABLE", 
                                    "args_list": [
                                        {
                                            "arg_type": 100030, 
                                            "args_list": [
                                                [
                                                    "FLOAT", 
                                                    "fw", 
                                                    "local"
                                                ]
                                            ], 
                                            "sub_type": 1
                                        }, 
                                        {
                                            "arg_type": 100000, 
                                            "args_list": [
                                                {
                                                    "arg_type": 100014, 
                                                    "args_list": [
                                                        [
                                                            "ABILITY", 
                                                            "sk", 
                                                            "local"
                                                        ], 
                                                        null
                                                    ], 
                                                    "sub_type": 2
                                                }, 
                                                {
                                                    "arg_type": 100003, 
                                                    "args_list": [
                                                        "\u5168\u4f24\u5bb3\u8303\u56f4"
                                                    ], 
                                                    "sub_type": 1
                                                }
                                            ], 
                                            "sub_type": "GET_FLOAT_KV"
                                        }
                                    ], 
                                    "bp": false, 
                                    "element_id": 6370836500004, 
                                    "enable": true
                                }, 
                                {
                                    "action_type": "SET_VARIABLE", 
                                    "args_list": [
                                        {
                                            "arg_type": 100030, 
                                            "args_list": [
                                                [
                                                    "FLOAT", 
                                                    "fw2", 
                                                    "local"
                                                ]
                                            ], 
                                            "sub_type": 1
                                        }, 
                                        {
                                            "arg_type": 100000, 
                                            "args_list": [
                                                {
                                                    "arg_type": 100014, 
                                                    "args_list": [
                                                        [
                                                            "ABILITY", 
                                                            "sk", 
                                                            "local"
                                                        ], 
                                                        null
                                                    ], 
                                                    "sub_type": 2
                                                }, 
                                                {
                                                    "arg_type": 100078, 
                                                    "args_list": [
                                                        "ability_damage_range"
                                                    ], 
                                                    "sub_type": 1
                                                }
                                            ], 
                                            "sub_type": "GET_ABILITY_FLOAT_ATTR"
                                        }
                                    ], 
                                    "bp": false, 
                                    "element_id": 6370836500005, 
                                    "enable": true
                                }, 
                                {
                                    "action_type": "SET_VARIABLE", 
                                    "args_list": [
                                        {
                                            "arg_type": 100030, 
                                            "args_list": [
                                                [
                                                    "POINT", 
                                                    "p", 
                                                    "local"
                                                ]
                                            ], 
                                            "sub_type": 1
                                        }, 
                                        {
                                            "arg_type": 100004, 
                                            "args_list": [
                                                {
                                                    "arg_type": 100006, 
                                                    "args_list": [
                                                        {
                                                            "arg_type": 100014, 
                                                            "args_list": [], 
                                                            "sub_type": "DAMAGE_ABILITY"
                                                        }
                                                    ], 
                                                    "sub_type": "TARGET_UNIT_IN_ABILITY"
                                                }
                                            ], 
                                            "sub_type": "UNIT_ENTITY_POINT"
                                        }
                                    ], 
                                    "bp": false, 
                                    "element_id": 637083650980015, 
                                    "enable": true
                                }, 
                                {
                                    "action_type": "CREATE_SFX_ON_POINT", 
                                    "args_list": [
                                        {
                                            "arg_type": 100066, 
                                            "args_list": [
                                                102558
                                            ], 
                                            "sub_type": 1
                                        }, 
                                        {
                                            "arg_type": 100004, 
                                            "args_list": [
                                                [
                                                    "POINT", 
                                                    "p", 
                                                    "local"
                                                ], 
                                                null
                                            ], 
                                            "sub_type": 19
                                        }
                                    ], 
                                    "bp": false, 
                                    "element_id": 637083650970356, 
                                    "enable": true, 
                                    "op_arg": [
                                        null, 
                                        {
                                            "arg_type": 100000, 
                                            "args_list": [
                                                {
                                                    "arg_type": 100000, 
                                                    "args_list": [
                                                        [
                                                            "FLOAT", 
                                                            "fw", 
                                                            "local"
                                                        ]
                                                    ], 
                                                    "sub_type": 2
                                                }, 
                                                {
                                                    "arg_type": 100017, 
                                                    "args_list": [
                                                        "/"
                                                    ], 
                                                    "sub_type": 1
                                                }, 
                                                {
                                                    "arg_type": 100000, 
                                                    "args_list": [
                                                        300.0
                                                    ], 
                                                    "sub_type": 1
                                                }
                                            ], 
                                            "sub_type": "ARITHMETIC_OPERATION"
                                        }, 
                                        {
                                            "arg_type": 100000, 
                                            "args_list": [
                                                {
                                                    "arg_type": 100006, 
                                                    "args_list": [], 
                                                    "sub_type": "ABILITY_OWNER"
                                                }
                                            ], 
                                            "sub_type": "UNIT_GET_HEIGHT"
                                        }, 
                                        {
                                            "arg_type": 100000, 
                                            "args_list": [
                                                0.5
                                            ], 
                                            "sub_type": 1
                                        }, 
                                        null
                                    ], 
                                    "op_arg_enable": [
                                        false, 
                                        true, 
                                        true, 
                                        true, 
                                        false
                                    ]
                                }, 
                                {
                                    "action_type": "PICK_UNIT_DO_ACTION", 
                                    "args_list": [
                                        {
                                            "arg_type": 100026, 
                                            "args_list": [
                                                {
                                                    "arg_type": 100004, 
                                                    "args_list": [
                                                        [
                                                            "POINT", 
                                                            "p", 
                                                            "local"
                                                        ], 
                                                        null
                                                    ], 
                                                    "sub_type": 19
                                                }, 
                                                {
                                                    "arg_type": 100211, 
                                                    "args_list": [
                                                        {
                                                            "arg_type": 100000, 
                                                            "args_list": [
                                                                [
                                                                    "FLOAT", 
                                                                    "fw2", 
                                                                    "local"
                                                                ], 
                                                                null
                                                            ], 
                                                            "sub_type": 2
                                                        }
                                                    ], 
                                                    "sub_type": "CONST_CIRCULAR_SHAPE"
                                                }
                                            ], 
                                            "op_arg": [
                                                null, 
                                                null, 
                                                null, 
                                                null, 
                                                null, 
                                                null, 
                                                null, 
                                                null, 
                                                null, 
                                                null, 
                                                null, 
                                                null, 
                                                null, 
                                                null
                                            ], 
                                            "op_arg_enable": [
                                                false, 
                                                false, 
                                                false, 
                                                false, 
                                                false, 
                                                false, 
                                                false, 
                                                false, 
                                                false, 
                                                false, 
                                                false, 
                                                false, 
                                                false, 
                                                false
                                            ], 
                                            "sub_type": "UNIT_LIST_IN_SHAPE"
                                        }, 
                                        {
                                            "arg_type": 100022, 
                                            "args_list": [
                                                {
                                                    "action_type": "IF_THEN_ELSE", 
                                                    "args_list": [
                                                        {
                                                            "arg_type": 100021, 
                                                            "args_list": [
                                                                {
                                                                    "args_list": [
                                                                        {
                                                                            "arg_type": 100006, 
                                                                            "args_list": [], 
                                                                            "sub_type": "FOR_EACH_SELECTED_UNIT"
                                                                        }, 
                                                                        {
                                                                            "arg_type": 100006, 
                                                                            "args_list": [
                                                                                [
                                                                                    "UNIT_ENTITY", 
                                                                                    "ucf", 
                                                                                    "local"
                                                                                ], 
                                                                                null
                                                                            ], 
                                                                            "sub_type": 11
                                                                        }
                                                                    ], 
                                                                    "condition_type": "IS_ENEMY", 
                                                                    "element_id": 6370836500008, 
                                                                    "enable": true
                                                                }, 
                                                                {
                                                                    "args_list": [
                                                                        {
                                                                            "arg_type": 100010, 
                                                                            "args_list": [
                                                                                {
                                                                                    "arg_type": 100006, 
                                                                                    "args_list": [], 
                                                                                    "sub_type": "FOR_EACH_SELECTED_UNIT"
                                                                                }
                                                                            ], 
                                                                            "sub_type": "GET_UNIT_TYPE"
                                                                        }, 
                                                                        {
                                                                            "arg_type": 100035, 
                                                                            "args_list": [
                                                                                "!="
                                                                            ], 
                                                                            "sub_type": 1
                                                                        }, 
                                                                        {
                                                                            "arg_type": 100010, 
                                                                            "args_list": [
                                                                                2
                                                                            ], 
                                                                            "sub_type": 1
                                                                        }
                                                                    ], 
                                                                    "condition_type": "UNIT_TYPE_COMPARE", 
                                                                    "element_id": 6370836500009, 
                                                                    "enable": true
                                                                }
                                                            ], 
                                                            "sub_type": 1
                                                        }, 
                                                        {
                                                            "arg_type": 100022, 
                                                            "args_list": [
                                                                {
                                                                    "action_type": "IF_THEN_ELSE", 
                                                                    "args_list": [
                                                                        {
                                                                            "arg_type": 100021, 
                                                                            "args_list": [
                                                                                {
                                                                                    "args_list": [
                                                                                        {
                                                                                            "arg_type": 100000, 
                                                                                            "args_list": [
                                                                                                {
                                                                                                    "arg_type": 100004, 
                                                                                                    "args_list": [
                                                                                                        {
                                                                                                            "arg_type": 100006, 
                                                                                                            "args_list": [], 
                                                                                                            "sub_type": "FOR_EACH_SELECTED_UNIT"
                                                                                                        }
                                                                                                    ], 
                                                                                                    "sub_type": "UNIT_ENTITY_POINT"
                                                                                                }, 
                                                                                                {
                                                                                                    "arg_type": 100004, 
                                                                                                    "args_list": [
                                                                                                        [
                                                                                                            "POINT", 
                                                                                                            "p", 
                                                                                                            "local"
                                                                                                        ], 
                                                                                                        null
                                                                                                    ], 
                                                                                                    "sub_type": 19
                                                                                                }
                                                                                            ], 
                                                                                            "sub_type": "GET_POINTS_DIS"
                                                                                        }, 
                                                                                        {
                                                                                            "arg_type": 100015, 
                                                                                            "args_list": [
                                                                                                "<="
                                                                                            ], 
                                                                                            "sub_type": 1
                                                                                        }, 
                                                                                        {
                                                                                            "arg_type": 100000, 
                                                                                            "args_list": [
                                                                                                [
                                                                                                    "FLOAT", 
                                                                                                    "fw", 
                                                                                                    "local"
                                                                                                ], 
                                                                                                null
                                                                                            ], 
                                                                                            "sub_type": 2
                                                                                        }
                                                                                    ], 
                                                                                    "condition_type": "FLOAT_COMPARE", 
                                                                                    "element_id": 6370836500010, 
                                                                                    "enable": true
                                                                                }
                                                                            ], 
                                                                            "sub_type": 1
                                                                        }, 
                                                                        {
                                                                            "arg_type": 100022, 
                                                                            "args_list": [
                                                                                {
                                                                                    "action_type": "APPLY_DAMAGE", 
                                                                                    "args_list": [
                                                                                        {
                                                                                            "arg_type": 100006, 
                                                                                            "args_list": [
                                                                                                [
                                                                                                    "UNIT_ENTITY", 
                                                                                                    "ucf", 
                                                                                                    "local"
                                                                                                ]
                                                                                            ], 
                                                                                            "sub_type": 11
                                                                                        }, 
                                                                                        {
                                                                                            "arg_type": 100014, 
                                                                                            "args_list": [], 
                                                                                            "sub_type": "CUR_ABILITY"
                                                                                        }, 
                                                                                        {
                                                                                            "arg_type": 100006, 
                                                                                            "args_list": [], 
                                                                                            "sub_type": "FOR_EACH_SELECTED_UNIT"
                                                                                        }, 
                                                                                        {
                                                                                            "arg_type": 100064, 
                                                                                            "args_list": [
                                                                                                0
                                                                                            ], 
                                                                                            "sub_type": 1
                                                                                        }, 
                                                                                        {
                                                                                            "arg_type": 100000, 
                                                                                            "args_list": [
                                                                                                [
                                                                                                    "FLOAT", 
                                                                                                    "rsh", 
                                                                                                    "local"
                                                                                                ]
                                                                                            ], 
                                                                                            "sub_type": 2
                                                                                        }, 
                                                                                        {
                                                                                            "arg_type": 100001, 
                                                                                            "args_list": [
                                                                                                true
                                                                                            ], 
                                                                                            "sub_type": 1
                                                                                        }
                                                                                    ], 
                                                                                    "bp": false, 
                                                                                    "element_id": 1921605637980012, 
                                                                                    "enable": true, 
                                                                                    "op_arg": [
                                                                                        {
                                                                                            "arg_type": 100001, 
                                                                                            "args_list": [
                                                                                                true
                                                                                            ], 
                                                                                            "sub_type": 1
                                                                                        }, 
                                                                                        {
                                                                                            "arg_type": 100001, 
                                                                                            "args_list": [
                                                                                                true
                                                                                            ], 
                                                                                            "sub_type": 1
                                                                                        }, 
                                                                                        {
                                                                                            "arg_type": 100001, 
                                                                                            "args_list": [
                                                                                                true
                                                                                            ], 
                                                                                            "sub_type": 1
                                                                                        }, 
                                                                                        null, 
                                                                                        null, 
                                                                                        null
                                                                                    ], 
                                                                                    "op_arg_enable": [
                                                                                        false, 
                                                                                        false, 
                                                                                        false, 
                                                                                        false, 
                                                                                        false, 
                                                                                        false
                                                                                    ]
                                                                                }
                                                                            ], 
                                                                            "sub_type": 1
                                                                        }, 
                                                                        {
                                                                            "arg_type": 100022, 
                                                                            "args_list": [
                                                                                {
                                                                                    "action_type": "APPLY_DAMAGE", 
                                                                                    "args_list": [
                                                                                        {
                                                                                            "arg_type": 100006, 
                                                                                            "args_list": [
                                                                                                [
                                                                                                    "UNIT_ENTITY", 
                                                                                                    "ucf", 
                                                                                                    "local"
                                                                                                ]
                                                                                            ], 
                                                                                            "sub_type": 11
                                                                                        }, 
                                                                                        {
                                                                                            "arg_type": 100014, 
                                                                                            "args_list": [], 
                                                                                            "sub_type": "CUR_ABILITY"
                                                                                        }, 
                                                                                        {
                                                                                            "arg_type": 100006, 
                                                                                            "args_list": [], 
                                                                                            "sub_type": "FOR_EACH_SELECTED_UNIT"
                                                                                        }, 
                                                                                        {
                                                                                            "arg_type": 100064, 
                                                                                            "args_list": [
                                                                                                0
                                                                                            ], 
                                                                                            "sub_type": 1
                                                                                        }, 
                                                                                        {
                                                                                            "arg_type": 100000, 
                                                                                            "args_list": [
                                                                                                {
                                                                                                    "arg_type": 100000, 
                                                                                                    "args_list": [
                                                                                                        [
                                                                                                            "FLOAT", 
                                                                                                            "rsh", 
                                                                                                            "local"
                                                                                                        ]
                                                                                                    ], 
                                                                                                    "sub_type": 2
                                                                                                }, 
                                                                                                {
                                                                                                    "arg_type": 100017, 
                                                                                                    "args_list": [
                                                                                                        "*"
                                                                                                    ], 
                                                                                                    "sub_type": 1
                                                                                                }, 
                                                                                                {
                                                                                                    "arg_type": 100000, 
                                                                                                    "args_list": [
                                                                                                        0.5
                                                                                                    ], 
                                                                                                    "sub_type": 1
                                                                                                }
                                                                                            ], 
                                                                                            "sub_type": "ARITHMETIC_OPERATION"
                                                                                        }, 
                                                                                        {
                                                                                            "arg_type": 100001, 
                                                                                            "args_list": [
                                                                                                true
                                                                                            ], 
                                                                                            "sub_type": 1
                                                                                        }
                                                                                    ], 
                                                                                    "bp": false, 
                                                                                    "element_id": 637083650970366, 
                                                                                    "enable": true, 
                                                                                    "op_arg": [
                                                                                        {
                                                                                            "arg_type": 100001, 
                                                                                            "args_list": [
                                                                                                true
                                                                                            ], 
                                                                                            "sub_type": 1
                                                                                        }, 
                                                                                        {
                                                                                            "arg_type": 100001, 
                                                                                            "args_list": [
                                                                                                true
                                                                                            ], 
                                                                                            "sub_type": 1
                                                                                        }, 
                                                                                        {
                                                                                            "arg_type": 100001, 
                                                                                            "args_list": [
                                                                                                true
                                                                                            ], 
                                                                                            "sub_type": 1
                                                                                        }, 
                                                                                        null, 
                                                                                        null, 
                                                                                        null
                                                                                    ], 
                                                                                    "op_arg_enable": [
                                                                                        false, 
                                                                                        false, 
                                                                                        false, 
                                                                                        false, 
                                                                                        false, 
                                                                                        false
                                                                                    ]
                                                                                }
                                                                            ], 
                                                                            "sub_type": 1
                                                                        }
                                                                    ], 
                                                                    "bp": false, 
                                                                    "element_id": 6370836500013, 
                                                                    "enable": true, 
                                                                    "fake_op": [
                                                                        2
                                                                    ]
                                                                }
                                                            ], 
                                                            "sub_type": 1
                                                        }, 
                                                        {
                                                            "arg_type": 100022, 
                                                            "args_list": [], 
                                                            "sub_type": 1
                                                        }
                                                    ], 
                                                    "bp": false, 
                                                    "element_id": 6370836500014, 
                                                    "enable": true, 
                                                    "fake_op": [
                                                        2
                                                    ]
                                                }
                                            ], 
                                            "sub_type": 1
                                        }
                                    ], 
                                    "bp": false, 
                                    "element_id": 6370836500015, 
                                    "enable": true
                                }, 
                                {
                                    "action_type": "FOR_INT_DO_ACTION", 
                                    "args_list": [
                                        {
                                            "arg_type": 100002, 
                                            "args_list": [
                                                [
                                                    "INTEGER", 
                                                    "i", 
                                                    "local"
                                                ]
                                            ], 
                                            "sub_type": 6
                                        }, 
                                        {
                                            "arg_type": 100002, 
                                            "args_list": [
                                                1
                                            ], 
                                            "sub_type": 1
                                        }, 
                                        {
                                            "arg_type": 100002, 
                                            "args_list": [
                                                8
                                            ], 
                                            "sub_type": 1
                                        }, 
                                        {
                                            "arg_type": 100022, 
                                            "args_list": [
                                                {
                                                    "action_type": "PLAY_3D_SOUND_FOR_PLAYER", 
                                                    "args_list": [
                                                        {
                                                            "arg_type": 100025, 
                                                            "args_list": [
                                                                {
                                                                    "arg_type": 100002, 
                                                                    "args_list": [
                                                                        [
                                                                            "INTEGER", 
                                                                            "i", 
                                                                            "local"
                                                                        ]
                                                                    ], 
                                                                    "sub_type": 6
                                                                }
                                                            ], 
                                                            "sub_type": "GET_ROLE_BY_INT"
                                                        }, 
                                                        {
                                                            "arg_type": 100084, 
                                                            "args_list": [
                                                                134231093
                                                            ], 
                                                            "sub_type": 1
                                                        }, 
                                                        {
                                                            "arg_type": 100004, 
                                                            "args_list": [
                                                                {
                                                                    "arg_type": 100006, 
                                                                    "args_list": [], 
                                                                    "sub_type": "ABILITY_OWNER"
                                                                }
                                                            ], 
                                                            "sub_type": "UNIT_ENTITY_POINT"
                                                        }, 
                                                        {
                                                            "arg_type": 100000, 
                                                            "args_list": [
                                                                {
                                                                    "arg_type": 100006, 
                                                                    "args_list": [], 
                                                                    "sub_type": "ABILITY_OWNER"
                                                                }
                                                            ], 
                                                            "sub_type": "UNIT_GET_HEIGHT"
                                                        }, 
                                                        {
                                                            "arg_type": 100001, 
                                                            "args_list": [
                                                                false
                                                            ], 
                                                            "sub_type": 1
                                                        }
                                                    ], 
                                                    "bp": false, 
                                                    "element_id": 1644036097970219, 
                                                    "enable": true, 
                                                    "op_arg": [
                                                        null, 
                                                        null, 
                                                        null
                                                    ], 
                                                    "op_arg_enable": [
                                                        false, 
                                                        false, 
                                                        false
                                                    ]
                                                }
                                            ], 
                                            "sub_type": 1
                                        }
                                    ], 
                                    "bp": false, 
                                    "element_id": 1644036097970344, 
                                    "enable": true
                                }
                            ], 
                            "sub_type": 1
                        }, 
                        {
                            "arg_type": 100022, 
                            "args_list": [], 
                            "sub_type": 1
                        }
                    ], 
                    "bp": false, 
                    "element_id": 6370836500016, 
                    "enable": true, 
                    "fake_op": [
                        2
                    ]
                }
            ], 
            "call_enabled": true, 
            "condition": [], 
            "enabled": false, 
            "event": [
                {
                    "args_list": [
                        {
                            "arg_type": 100014, 
                            "args_list": [
                                {
                                    "arg_type": 100006, 
                                    "args_list": [
                                        [
                                            "UNIT_ENTITY", 
                                            "ucf", 
                                            "local"
                                        ], 
                                        null
                                    ], 
                                    "sub_type": 11
                                }, 
                                {
                                    "arg_type": 100182, 
                                    "args_list": [
                                        1
                                    ], 
                                    "sub_type": 1
                                }, 
                                {
                                    "arg_type": 100002, 
                                    "args_list": [
                                        1
                                    ], 
                                    "sub_type": 1
                                }
                            ], 
                            "sub_type": "UNIT_ABILITY"
                        }, 
                        {
                            "arg_type": 100128, 
                            "args_list": [
                                "ET_ABILITY_CST_END"
                            ], 
                            "sub_type": 1
                        }
                    ], 
                    "element_id": 6370836500001, 
                    "enable": true, 
                    "event_type": "SPECIAL_ABILITY_EVENT"
                }
            ], 
            "group_id": 0, 
            "is_conf": true, 
            "p_trigger_id": 1710825473, 
            "trigger_id": 637083650, 
            "trigger_name": "\u5b50\u89e6\u53d1\u5668", 
            "valid": true
        }, 
        "1710825473": {
            "action": [
                {
                    "action_type": "SET_VARIABLE", 
                    "args_list": [
                        {
                            "arg_type": 100030, 
                            "args_list": [
                                [
                                    "ABILITY", 
                                    "sk", 
                                    "local"
                                ]
                            ], 
                            "sub_type": 1
                        }, 
                        {
                            "arg_type": 100014, 
                            "args_list": [], 
                            "sub_type": "CUR_ABILITY"
                        }
                    ], 
                    "bp": false, 
                    "element_id": 17108254730002, 
                    "enable": true
                }, 
                {
                    "action_type": "SET_VARIABLE", 
                    "args_list": [
                        {
                            "arg_type": 100030, 
                            "args_list": [
                                [
                                    "UNIT_ENTITY", 
                                    "ucf", 
                                    "local"
                                ]
                            ], 
                            "sub_type": 1
                        }, 
                        {
                            "arg_type": 100006, 
                            "args_list": [], 
                            "sub_type": "ABILITY_OWNER"
                        }
                    ], 
                    "bp": false, 
                    "element_id": 17108254730003, 
                    "enable": true
                }, 
                637083650
            ], 
            "call_enabled": true, 
            "condition": [], 
            "enabled": true, 
            "event": [
                {
                    "args_list": [], 
                    "element_id": 17108254730001, 
                    "enable": true, 
                    "event_type": "ABILITY_OBTAIN"
                }
            ], 
            "group_id": 134245574, 
            "p_trigger_id": null, 
            "trigger_id": 1710825473, 
            "trigger_name": "\u65b0\u5efa\u89e6\u53d1\u5668", 
            "valid": true
        }
    }, 
    "trigger_group_info": [
        [
            637083650, 
            "\u5b50\u89e6\u53d1\u5668"
        ], 
        {
            "_trigger_group_": true, 
            "group": [
                [
                    1710825473, 
                    "\u65b0\u5efa\u89e6\u53d1\u5668"
                ]
            ], 
            "key": 134245574, 
            "name": "134245574"
        }
    ], 
    "trigger_version": "1.2", 
    "variable_dict": {}, 
    "variable_group_info": [], 
    "variable_length_dict": {}
}