{
    "local_variable": {
        "560513025": {
            "variable_dict": {
                "ABILITY": {
                    "sk": null
                }, 
                "UNIT_ENTITY": {
                    "ucf": 0
                }
            }, 
            "variable_length_dict": {
                "sk": 0, 
                "ucf": 0
            }
        }, 
        "1617510402": {
            "variable_dict": {
                "FLOAT": {
                    "fw": 0.0
                }, 
                "POINT": {
                    "p": [
                        0, 
                        0, 
                        0
                    ]
                }, 
                "ROUND_AREA": {
                    "qy": 0
                }, 
                "UNIT_ENTITY": {
                    "ucf": 0, 
                    "uxq": 0
                }, 
                "UNIT_GROUP": {
                    "g": []
                }
            }, 
            "variable_length_dict": {
                "fw": 0, 
                "g": 0, 
                "p": 0, 
                "qy": 0, 
                "ucf": 0, 
                "uxq": 0
            }
        }
    }, 
    "trigger_dict": {
        "560513025": {
            "action": [
                {
                    "action_type": "SET_VARIABLE", 
                    "args_list": [
                        {
                            "arg_type": 100030, 
                            "args_list": [
                                [
                                    "UNIT_ENTITY", 
                                    "ucf", 
                                    "local"
                                ]
                            ], 
                            "sub_type": 1
                        }, 
                        {
                            "arg_type": 100006, 
                            "args_list": [], 
                            "sub_type": "ABILITY_OWNER"
                        }
                    ], 
                    "bp": false, 
                    "element_id": 19295232040114, 
                    "enable": true
                }, 
                {
                    "action_type": "SET_VARIABLE", 
                    "args_list": [
                        {
                            "arg_type": 100030, 
                            "args_list": [
                                [
                                    "ABILITY", 
                                    "sk", 
                                    "local"
                                ]
                            ], 
                            "sub_type": 1
                        }, 
                        {
                            "arg_type": 100014, 
                            "args_list": [], 
                            "sub_type": "CUR_ABILITY"
                        }
                    ], 
                    "bp": false, 
                    "element_id": 11409612830007, 
                    "enable": true
                }, 
                1617510402
            ], 
            "call_enabled": true, 
            "condition": [], 
            "enabled": true, 
            "event": [
                {
                    "args_list": [], 
                    "element_id": 560513025250022, 
                    "enable": true, 
                    "event_type": "ABILITY_OBTAIN"
                }
            ], 
            "group_id": 134253903, 
            "p_trigger_id": null, 
            "trigger_id": 560513025, 
            "trigger_name": "AbilityGained", 
            "valid": false
        }, 
        "1617510402": {
            "action": [
                {
                    "action_type": "CREATE_SFX_ON_POINT", 
                    "args_list": [
                        {
                            "arg_type": 100066, 
                            "args_list": [
                                102491
                            ], 
                            "sub_type": 1
                        }, 
                        {
                            "arg_type": 100004, 
                            "args_list": [
                                {
                                    "arg_type": 100006, 
                                    "args_list": [
                                        [
                                            "UNIT_ENTITY", 
                                            "ucf", 
                                            "local"
                                        ]
                                    ], 
                                    "sub_type": 11
                                }
                            ], 
                            "sub_type": "UNIT_ENTITY_POINT"
                        }
                    ], 
                    "bp": false, 
                    "element_id": 1701888005000008, 
                    "enable": true, 
                    "op_arg": [
                        null, 
                        {
                            "arg_type": 100000, 
                            "args_list": [
                                {
                                    "arg_type": 100000, 
                                    "args_list": [
                                        {
                                            "arg_type": 100014, 
                                            "args_list": [
                                                [
                                                    "ABILITY", 
                                                    "sk", 
                                                    "local"
                                                ]
                                            ], 
                                            "sub_type": 2
                                        }, 
                                        {
                                            "arg_type": 100078, 
                                            "args_list": [
                                                "ability_damage_range"
                                            ], 
                                            "sub_type": 1
                                        }
                                    ], 
                                    "sub_type": "GET_ABILITY_FLOAT_ATTR"
                                }, 
                                {
                                    "arg_type": 100017, 
                                    "args_list": [
                                        "/"
                                    ], 
                                    "sub_type": 1
                                }, 
                                {
                                    "arg_type": 100000, 
                                    "args_list": [
                                        160.0
                                    ], 
                                    "sub_type": 1
                                }
                            ], 
                            "sub_type": "ARITHMETIC_OPERATION"
                        }, 
                        {
                            "arg_type": 100000, 
                            "args_list": [
                                {
                                    "arg_type": 100006, 
                                    "args_list": [], 
                                    "sub_type": "ABILITY_OWNER"
                                }
                            ], 
                            "sub_type": "UNIT_GET_HEIGHT"
                        }, 
                        {
                            "arg_type": 100000, 
                            "args_list": [
                                0.3
                            ], 
                            "sub_type": 1
                        }, 
                        null
                    ], 
                    "op_arg_enable": [
                        false, 
                        true, 
                        true, 
                        true, 
                        false
                    ]
                }, 
                {
                    "action_type": "SET_VARIABLE", 
                    "args_list": [
                        {
                            "arg_type": 100030, 
                            "args_list": [
                                [
                                    "UNIT_ENTITY", 
                                    "ucf", 
                                    "local"
                                ]
                            ], 
                            "sub_type": 1
                        }, 
                        {
                            "arg_type": 100006, 
                            "args_list": [], 
                            "sub_type": "ABILITY_OWNER"
                        }
                    ], 
                    "bp": false, 
                    "element_id": 186318850590083, 
                    "enable": true
                }, 
                {
                    "action_type": "PICK_UNIT_DO_ACTION", 
                    "args_list": [
                        {
                            "arg_type": 100026, 
                            "args_list": [
                                {
                                    "arg_type": 100004, 
                                    "args_list": [
                                        {
                                            "arg_type": 100006, 
                                            "args_list": [
                                                [
                                                    "UNIT_ENTITY", 
                                                    "ucf", 
                                                    "local"
                                                ]
                                            ], 
                                            "sub_type": 11
                                        }
                                    ], 
                                    "sub_type": "UNIT_ENTITY_POINT"
                                }, 
                                {
                                    "arg_type": 100211, 
                                    "args_list": [
                                        {
                                            "arg_type": 100000, 
                                            "args_list": [
                                                {
                                                    "arg_type": 100014, 
                                                    "args_list": [
                                                        [
                                                            "ABILITY", 
                                                            "sk", 
                                                            "local"
                                                        ]
                                                    ], 
                                                    "sub_type": 2
                                                }, 
                                                {
                                                    "arg_type": 100078, 
                                                    "args_list": [
                                                        "ability_damage_range"
                                                    ], 
                                                    "sub_type": 1
                                                }
                                            ], 
                                            "sub_type": "GET_ABILITY_FLOAT_ATTR"
                                        }
                                    ], 
                                    "sub_type": "CONST_CIRCULAR_SHAPE"
                                }
                            ], 
                            "op_arg": [
                                {
                                    "arg_type": 100027, 
                                    "args_list": [
                                        {
                                            "arg_type": 100025, 
                                            "args_list": [
                                                {
                                                    "arg_type": 100006, 
                                                    "args_list": [
                                                        [
                                                            "UNIT_ENTITY", 
                                                            "ucf", 
                                                            "local"
                                                        ]
                                                    ], 
                                                    "sub_type": 11
                                                }
                                            ], 
                                            "sub_type": "OWNER_PLAYER"
                                        }
                                    ], 
                                    "sub_type": "PLAYER_ENEMY"
                                }, 
                                null, 
                                null, 
                                null, 
                                null, 
                                null, 
                                null, 
                                null, 
                                null, 
                                null, 
                                null, 
                                {
                                    "arg_type": 100001, 
                                    "args_list": [
                                        true
                                    ], 
                                    "sub_type": 1
                                }, 
                                null, 
                                null
                            ], 
                            "op_arg_enable": [
                                true, 
                                false, 
                                false, 
                                false, 
                                false, 
                                false, 
                                false, 
                                false, 
                                false, 
                                false, 
                                false, 
                                false, 
                                false, 
                                false
                            ], 
                            "sub_type": "UNIT_LIST_IN_SHAPE"
                        }, 
                        {
                            "arg_type": 100022, 
                            "args_list": [
                                {
                                    "action_type": "SET_VARIABLE", 
                                    "args_list": [
                                        {
                                            "arg_type": 100030, 
                                            "args_list": [
                                                [
                                                    "UNIT_ENTITY", 
                                                    "uxq", 
                                                    "local"
                                                ]
                                            ], 
                                            "sub_type": 1
                                        }, 
                                        {
                                            "arg_type": 100006, 
                                            "args_list": [], 
                                            "sub_type": "FOR_EACH_SELECTED_UNIT"
                                        }
                                    ], 
                                    "bp": false, 
                                    "element_id": 186318850590097, 
                                    "enable": true
                                }, 
                                {
                                    "action_type": "IF_THEN_ELSE", 
                                    "args_list": [
                                        {
                                            "arg_type": 100021, 
                                            "args_list": [
                                                {
                                                    "args_list": [
                                                        {
                                                            "arg_type": 100006, 
                                                            "args_list": [
                                                                [
                                                                    "UNIT_ENTITY", 
                                                                    "uxq", 
                                                                    "local"
                                                                ], 
                                                                null
                                                            ], 
                                                            "sub_type": 11
                                                        }, 
                                                        {
                                                            "arg_type": 100006, 
                                                            "args_list": [
                                                                [
                                                                    "UNIT_ENTITY", 
                                                                    "ucf", 
                                                                    "local"
                                                                ], 
                                                                null
                                                            ], 
                                                            "sub_type": 11
                                                        }
                                                    ], 
                                                    "condition_type": "IS_ENEMY", 
                                                    "element_id": 186318850590102, 
                                                    "enable": true
                                                }, 
                                                {
                                                    "args_list": [
                                                        {
                                                            "arg_type": 100006, 
                                                            "args_list": [
                                                                [
                                                                    "UNIT_ENTITY", 
                                                                    "uxq", 
                                                                    "local"
                                                                ], 
                                                                null
                                                            ], 
                                                            "sub_type": 11
                                                        }
                                                    ], 
                                                    "condition_type": "IS_UNIT_ALIVE", 
                                                    "element_id": 186318850590105, 
                                                    "enable": true
                                                }
                                            ], 
                                            "sub_type": 1
                                        }, 
                                        {
                                            "arg_type": 100022, 
                                            "args_list": [
                                                {
                                                    "action_type": "CALL_TRIGGER_FUNC", 
                                                    "args_list": [], 
                                                    "bp": false, 
                                                    "call_rt_arg_idxes": [], 
                                                    "element_id": 1321082884000015, 
                                                    "enable": true
                                                }
                                            ], 
                                            "sub_type": 1
                                        }, 
                                        {
                                            "arg_type": 100022, 
                                            "args_list": [], 
                                            "sub_type": 1
                                        }
                                    ], 
                                    "bp": false, 
                                    "element_id": 186318850590100, 
                                    "enable": true, 
                                    "fake_op": [
                                        2
                                    ]
                                }
                            ], 
                            "sub_type": 1
                        }
                    ], 
                    "bp": false, 
                    "element_id": 634294273980009, 
                    "enable": true
                }
            ], 
            "call_enabled": true, 
            "condition": [], 
            "enabled": false, 
            "event": [
                {
                    "args_list": [
                        {
                            "arg_type": 100014, 
                            "args_list": [
                                {
                                    "arg_type": 100006, 
                                    "args_list": [
                                        [
                                            "UNIT_ENTITY", 
                                            "ucf", 
                                            "local"
                                        ]
                                    ], 
                                    "sub_type": 11
                                }, 
                                {
                                    "arg_type": 100182, 
                                    "args_list": [
                                        1
                                    ], 
                                    "sub_type": 1
                                }, 
                                {
                                    "arg_type": 100002, 
                                    "args_list": [
                                        1
                                    ], 
                                    "sub_type": 1
                                }
                            ], 
                            "sub_type": "UNIT_ABILITY"
                        }, 
                        {
                            "arg_type": 100128, 
                            "args_list": [
                                "ET_ABILITY_CST_END"
                            ], 
                            "sub_type": 1
                        }
                    ], 
                    "element_id": 1290006531000001, 
                    "enable": true, 
                    "event_type": "SPECIAL_ABILITY_EVENT"
                }
            ], 
            "group_id": 0, 
            "is_conf": true, 
            "p_trigger_id": 560513025, 
            "trigger_id": 1617510402, 
            "trigger_name": "NewTrigger", 
            "valid": false
        }
    }, 
    "trigger_group_info": [
        [
            1617510402, 
            "NewTrigger"
        ], 
        {
            "_trigger_group_": true, 
            "group": [
                [
                    560513025, 
                    "AbilityGained"
                ]
            ], 
            "key": 134253903, 
            "name": "134253903"
        }
    ], 
    "trigger_version": "1.2", 
    "variable_dict": {
        "DYNAMIC_TRIGGER_INSTANCE": {
            "TriggerInstance": 0
        }
    }, 
    "variable_group_info": [
        [
            "TriggerInstance", 
            "(TriggerInstance)_2"
        ]
    ], 
    "variable_length_dict": {
        "TriggerInstance": 0
    }
}