{
    "local_variable": {
        "2052534273": {
            "variable_dict": {
                "PLAYER": {
                    "wj": 0
                }, 
                "POINT": {
                    "p": [
                        0, 
                        0, 
                        0
                    ]
                }
            }, 
            "variable_length_dict": {
                "p": 0, 
                "wj": 0
            }
        }
    }, 
    "trigger_dict": {
        "2052534273": {
            "action": [
                {
                    "action_type": "SET_VARIABLE", 
                    "args_list": [
                        {
                            "arg_type": 100030, 
                            "args_list": [
                                [
                                    "POINT", 
                                    "p", 
                                    "local"
                                ]
                            ], 
                            "sub_type": 1
                        }, 
                        {
                            "arg_type": 100004, 
                            "args_list": [
                                {
                                    "arg_type": 100014, 
                                    "args_list": [], 
                                    "sub_type": "CUR_ABILITY"
                                }
                            ], 
                            "sub_type": "ABILITY_RELEASE_POSITION"
                        }
                    ], 
                    "bp": false, 
                    "element_id": 2052534273000002, 
                    "enable": true
                }, 
                {
                    "action_type": "SET_VARIABLE", 
                    "args_list": [
                        {
                            "arg_type": 100030, 
                            "args_list": [
                                [
                                    "PLAYER", 
                                    "wj", 
                                    "local"
                                ]
                            ], 
                            "sub_type": 1
                        }, 
                        {
                            "arg_type": 100025, 
                            "args_list": [
                                {
                                    "arg_type": 100006, 
                                    "args_list": [
                                        {
                                            "arg_type": 100014, 
                                            "args_list": [], 
                                            "sub_type": "CUR_ABILITY"
                                        }
                                    ], 
                                    "sub_type": "GET_ABILITY_OWNER"
                                }
                            ], 
                            "sub_type": "OWNER_PLAYER"
                        }
                    ], 
                    "bp": false, 
                    "element_id": 2052534273000003, 
                    "enable": true
                }, 
                {
                    "action_type": "IF_THEN_ELSE", 
                    "args_list": [
                        {
                            "arg_type": 100021, 
                            "args_list": [
                                {
                                    "args_list": [
                                        {
                                            "arg_type": 100004, 
                                            "args_list": [
                                                [
                                                    "POINT", 
                                                    "p", 
                                                    "local"
                                                ]
                                            ], 
                                            "sub_type": 19
                                        }, 
                                        {
                                            "arg_type": 100009, 
                                            "args_list": [
                                                [
                                                    "RECTANGLE", 
                                                    "\u9650\u5236\u533a\u57df"
                                                ], 
                                                {
                                                    "arg_type": 100002, 
                                                    "args_list": [
                                                        {
                                                            "arg_type": 100025, 
                                                            "args_list": [
                                                                [
                                                                    "PLAYER", 
                                                                    "wj", 
                                                                    "local"
                                                                ]
                                                            ], 
                                                            "sub_type": "VARIABLE"
                                                        }
                                                    ], 
                                                    "sub_type": "PLAYER_ID_NUMBER"
                                                }
                                            ], 
                                            "sub_type": 7
                                        }
                                    ], 
                                    "condition_type": "WHETHER_POINT_IN_AREA", 
                                    "element_id": 2052534273000004, 
                                    "enable": true
                                }
                            ], 
                            "sub_type": 1
                        }, 
                        {
                            "arg_type": 100022, 
                            "args_list": [], 
                            "sub_type": 1
                        }, 
                        {
                            "arg_type": 100022, 
                            "args_list": [
                                {
                                    "action_type": "CALL_TRIGGER_FUNC", 
                                    "args_list": [
                                        {
                                            "arg_type": 100177, 
                                            "args_list": [
                                                {
                                                    "arg_type": 100003, 
                                                    "args_list": [
                                                        "#ff5c5c\u5f00\u542f\u4e86\u533a\u57df\u9650\u5236\uff0c\u4f60\u4e0d\u80fd\u5728\u8fd9\u91cc\u653e\u7f6e\u5efa\u7b51\uff01"
                                                    ], 
                                                    "sub_type": 1
                                                }, 
                                                {
                                                    "arg_type": 100070, 
                                                    "args_list": [
                                                        "92a6dedc-5d95-4e52-bfda-1579aa7de8b1"
                                                    ], 
                                                    "sub_type": 1
                                                }, 
                                                {
                                                    "arg_type": 100025, 
                                                    "args_list": [
                                                        [
                                                            "PLAYER", 
                                                            "wj", 
                                                            "local"
                                                        ]
                                                    ], 
                                                    "sub_type": "VARIABLE"
                                                }, 
                                                {
                                                    "arg_type": 100000, 
                                                    "args_list": [
                                                        10.0
                                                    ], 
                                                    "sub_type": 1
                                                }, 
                                                {
                                                    "arg_type": 100002, 
                                                    "args_list": [
                                                        10
                                                    ], 
                                                    "sub_type": 1
                                                }
                                            ], 
                                            "op_arg": [
                                                null
                                            ], 
                                            "op_arg_enable": [
                                                false
                                            ], 
                                            "sub_type": "60d398915b4e11ed831730d042f7e2bd"
                                        }
                                    ], 
                                    "bp": false, 
                                    "call_rt_arg_idxes": [], 
                                    "element_id": 2052534273000005, 
                                    "enable": true
                                }, 
                                {
                                    "action_type": "BREAK_ABILITY_CS", 
                                    "args_list": [], 
                                    "bp": false, 
                                    "element_id": 2052534273000006, 
                                    "enable": true
                                }
                            ], 
                            "sub_type": 1
                        }
                    ], 
                    "bp": false, 
                    "element_id": 2052534273000007, 
                    "enable": true, 
                    "fake_op": [
                        2
                    ]
                }
            ], 
            "call_enabled": true, 
            "condition": [], 
            "enabled": true, 
            "event": [
                {
                    "args_list": [], 
                    "element_id": 2052534273000001, 
                    "enable": true, 
                    "event_type": "ABILITY_CS_START"
                }
            ], 
            "group_id": 134242315, 
            "p_trigger_id": null, 
            "trigger_id": 2052534273, 
            "trigger_name": "\u65b0\u5efa\u89e6\u53d1\u5668", 
            "valid": true
        }
    }, 
    "trigger_group_info": [
        {
            "_trigger_group_": true, 
            "group": [
                [
                    2052534273, 
                    "\u65b0\u5efa\u89e6\u53d1\u5668"
                ]
            ], 
            "key": 134242315, 
            "name": "134242315"
        }
    ], 
    "trigger_version": "1.2", 
    "variable_dict": {}, 
    "variable_group_info": [], 
    "variable_length_dict": {}
}