{
    "local_variable": {
        "136613893": {
            "variable_dict": {
                "FLOAT": {
                    "\u4f24\u5bb3\u503c": 0.0
                }, 
                "INTEGER": {
                    "i": 0
                }, 
                "PROJECTILE_ENTITY": {
                    "tsw": 0
                }
            }, 
            "variable_length_dict": {
                "i": 0, 
                "tsw": 0, 
                "\u4f24\u5bb3\u503c": 0
            }
        }, 
        "1495568388": {
            "variable_dict": {
                "ABILITY": {
                    "sk": null
                }, 
                "UNIT_ENTITY": {
                    "ucf": 0
                }
            }, 
            "variable_length_dict": {
                "sk": 0, 
                "ucf": 0
            }
        }
    }, 
    "trigger_dict": {
        "136613893": {
            "action": [
                {
                    "action_type": "PLAY_ANIMATION", 
                    "args_list": [
                        {
                            "arg_type": 100006, 
                            "args_list": [], 
                            "sub_type": "ABILITY_OWNER"
                        }, 
                        {
                            "arg_type": 100003, 
                            "args_list": [
                                "ability_20001"
                            ], 
                            "sub_type": 1
                        }, 
                        {
                            "arg_type": 100000, 
                            "args_list": [
                                1.0
                            ], 
                            "sub_type": 1
                        }, 
                        {
                            "arg_type": 100000, 
                            "args_list": [
                                0
                            ], 
                            "sub_type": 1
                        }, 
                        {
                            "arg_type": 100000, 
                            "args_list": [
                                -1
                            ], 
                            "sub_type": 1
                        }, 
                        {
                            "arg_type": 100001, 
                            "args_list": [
                                false
                            ], 
                            "sub_type": 1
                        }, 
                        {
                            "arg_type": 100001, 
                            "args_list": [
                                true
                            ], 
                            "sub_type": 1
                        }
                    ], 
                    "bp": false, 
                    "element_id": 136613893000003, 
                    "enable": true
                }, 
                {
                    "action_type": "SET_VARIABLE", 
                    "args_list": [
                        {
                            "arg_type": 100077, 
                            "args_list": [
                                [
                                    "PROJECTILE_ENTITY", 
                                    "tsw", 
                                    "local"
                                ], 
                                null
                            ], 
                            "sub_type": "VARIABLE"
                        }, 
                        {
                            "arg_type": 100077, 
                            "args_list": [
                                {
                                    "arg_type": 100062, 
                                    "args_list": [
                                        134247268
                                    ], 
                                    "sub_type": 1
                                }, 
                                {
                                    "arg_type": 100006, 
                                    "args_list": [], 
                                    "sub_type": "ABILITY_OWNER"
                                }, 
                                {
                                    "arg_type": 100003, 
                                    "args_list": [
                                        "attack1"
                                    ], 
                                    "sub_type": 1
                                }, 
                                {
                                    "arg_type": 100225, 
                                    "args_list": [
                                        {
                                            "arg_type": 100000, 
                                            "args_list": [
                                                {
                                                    "arg_type": 100225, 
                                                    "args_list": [
                                                        {
                                                            "arg_type": 100006, 
                                                            "args_list": [], 
                                                            "sub_type": "ABILITY_OWNER"
                                                        }
                                                    ], 
                                                    "sub_type": "UNIT_FACE_ANGLE"
                                                }
                                            ], 
                                            "sub_type": "GET_FLOAT_BY_ANGLE"
                                        }
                                    ], 
                                    "sub_type": "GET_ANGLE_BY_FLOAT"
                                }, 
                                {
                                    "arg_type": 100006, 
                                    "args_list": [], 
                                    "sub_type": "ABILITY_OWNER"
                                }, 
                                {
                                    "arg_type": 100014, 
                                    "args_list": [], 
                                    "sub_type": "CUR_ABILITY"
                                }
                            ], 
                            "op_arg": [
                                null, 
                                null, 
                                null
                            ], 
                            "op_arg_enable": [
                                false, 
                                false, 
                                false
                            ], 
                            "sub_type": "CREATE_PROJECTILE_ON_SOCKET"
                        }
                    ], 
                    "bp": false, 
                    "element_id": 136613893000004, 
                    "enable": true
                }, 
                {
                    "action_type": "CREATE_STRAIGHT_MOVER", 
                    "args_list": [
                        {
                            "arg_type": 100077, 
                            "args_list": [
                                [
                                    "PROJECTILE_ENTITY", 
                                    "tsw", 
                                    "local"
                                ], 
                                null
                            ], 
                            "sub_type": "VARIABLE"
                        }, 
                        {
                            "arg_type": 100225, 
                            "args_list": [
                                {
                                    "arg_type": 100000, 
                                    "args_list": [
                                        {
                                            "arg_type": 100225, 
                                            "args_list": [
                                                {
                                                    "arg_type": 100004, 
                                                    "args_list": [
                                                        {
                                                            "arg_type": 100006, 
                                                            "args_list": [], 
                                                            "sub_type": "ABILITY_OWNER"
                                                        }
                                                    ], 
                                                    "sub_type": "UNIT_ENTITY_POINT"
                                                }, 
                                                {
                                                    "arg_type": 100004, 
                                                    "args_list": [
                                                        {
                                                            "arg_type": 100014, 
                                                            "args_list": [], 
                                                            "sub_type": "DAMAGE_ABILITY"
                                                        }
                                                    ], 
                                                    "sub_type": "ABILITY_RELEASE_POSITION"
                                                }
                                            ], 
                                            "sub_type": "GET_POINTS_ANGLE"
                                        }
                                    ], 
                                    "sub_type": "GET_FLOAT_BY_ANGLE"
                                }
                            ], 
                            "sub_type": "GET_ANGLE_BY_FLOAT"
                        }, 
                        {
                            "arg_type": 100000, 
                            "args_list": [
                                {
                                    "arg_type": 100014, 
                                    "args_list": [], 
                                    "sub_type": "CUR_ABILITY"
                                }, 
                                {
                                    "arg_type": 100078, 
                                    "args_list": [
                                        "ability_damage_range"
                                    ], 
                                    "sub_type": 1
                                }
                            ], 
                            "sub_type": "GET_ABILITY_FLOAT_ATTR"
                        }, 
                        {
                            "arg_type": 100000, 
                            "args_list": [
                                1600.0
                            ], 
                            "sub_type": 1
                        }, 
                        {
                            "arg_type": 100000, 
                            "args_list": [
                                0
                            ], 
                            "sub_type": 1
                        }, 
                        {
                            "arg_type": 100022, 
                            "args_list": [
                                {
                                    "action_type": "PROJECTILE_DELETE", 
                                    "args_list": [
                                        {
                                            "arg_type": 100077, 
                                            "args_list": [
                                                [
                                                    "PROJECTILE_ENTITY", 
                                                    "tsw", 
                                                    "local"
                                                ], 
                                                null
                                            ], 
                                            "sub_type": "VARIABLE"
                                        }
                                    ], 
                                    "bp": false, 
                                    "element_id": 136613893000043, 
                                    "enable": true, 
                                    "op_arg": [
                                        {
                                            "arg_type": 100001, 
                                            "args_list": [
                                                true
                                            ], 
                                            "sub_type": 1
                                        }
                                    ], 
                                    "op_arg_enable": [
                                        false
                                    ]
                                }
                            ], 
                            "sub_type": 1
                        }, 
                        {
                            "arg_type": 100022, 
                            "args_list": [], 
                            "sub_type": 1
                        }, 
                        {
                            "arg_type": 100022, 
                            "args_list": [], 
                            "sub_type": 1
                        }, 
                        {
                            "arg_type": 100022, 
                            "args_list": [], 
                            "sub_type": 1
                        }, 
                        {
                            "arg_type": 100022, 
                            "args_list": [
                                {
                                    "action_type": "CALL_TRIGGER_FUNC", 
                                    "args_list": [
                                        {
                                            "arg_type": 100177, 
                                            "args_list": [
                                                {
                                                    "arg_type": 100006, 
                                                    "args_list": [], 
                                                    "sub_type": "ABILITY_OWNER"
                                                }, 
                                                {
                                                    "arg_type": 100006, 
                                                    "args_list": [], 
                                                    "sub_type": "MOVER_COLLIDE_UNIT"
                                                }, 
                                                {
                                                    "arg_type": 100000, 
                                                    "args_list": [
                                                        {
                                                            "arg_type": 100014, 
                                                            "args_list": [], 
                                                            "sub_type": "CUR_ABILITY"
                                                        }, 
                                                        {
                                                            "arg_type": 100078, 
                                                            "args_list": [
                                                                "ability_damage"
                                                            ], 
                                                            "sub_type": 1
                                                        }
                                                    ], 
                                                    "sub_type": "GET_ABILITY_FLOAT_ATTR"
                                                }, 
                                                {
                                                    "arg_type": 100064, 
                                                    "args_list": [
                                                        2
                                                    ], 
                                                    "sub_type": 1
                                                }, 
                                                {
                                                    "arg_type": 100001, 
                                                    "args_list": [
                                                        false
                                                    ], 
                                                    "sub_type": 1
                                                }
                                            ], 
                                            "op_arg": [], 
                                            "op_arg_enable": [], 
                                            "sub_type": "52988f612ceb11ed9ed300ff467d8951"
                                        }
                                    ], 
                                    "bp": false, 
                                    "call_rt_arg_idxes": [], 
                                    "element_id": 136613893000044, 
                                    "enable": true
                                }
                            ], 
                            "sub_type": 1
                        }
                    ], 
                    "bp": false, 
                    "element_id": 136613893000007, 
                    "enable": true, 
                    "fake_op": [
                        9
                    ], 
                    "local_var": [
                        {}, 
                        {}
                    ], 
                    "op_arg": [
                        null, 
                        null, 
                        {
                            "arg_type": 100000, 
                            "args_list": [
                                250.0
                            ], 
                            "sub_type": 1
                        }, 
                        {
                            "arg_type": 100000, 
                            "args_list": [
                                250.0
                            ], 
                            "sub_type": 1
                        }, 
                        {
                            "arg_type": 100000, 
                            "args_list": [
                                250.0
                            ], 
                            "sub_type": 1
                        }, 
                        {
                            "arg_type": 100176, 
                            "args_list": [
                                0
                            ], 
                            "sub_type": 1
                        }, 
                        {
                            "arg_type": 100000, 
                            "args_list": [
                                500.0
                            ], 
                            "sub_type": 1
                        }, 
                        null, 
                        null, 
                        null, 
                        null, 
                        {
                            "arg_type": 100001, 
                            "args_list": [
                                true
                            ], 
                            "sub_type": 1
                        }, 
                        null, 
                        null, 
                        null, 
                        null
                    ], 
                    "op_arg_enable": [
                        false, 
                        false, 
                        true, 
                        true, 
                        false, 
                        true, 
                        true, 
                        false, 
                        false, 
                        false, 
                        false, 
                        true, 
                        false, 
                        false, 
                        false, 
                        false
                    ]
                }, 
                {
                    "action_type": "FOR_INT_DO_ACTION", 
                    "args_list": [
                        {
                            "arg_type": 100002, 
                            "args_list": [
                                [
                                    "INTEGER", 
                                    "i", 
                                    "local"
                                ]
                            ], 
                            "sub_type": 6
                        }, 
                        {
                            "arg_type": 100002, 
                            "args_list": [
                                1
                            ], 
                            "sub_type": 1
                        }, 
                        {
                            "arg_type": 100002, 
                            "args_list": [
                                8
                            ], 
                            "sub_type": 1
                        }, 
                        {
                            "arg_type": 100022, 
                            "args_list": [
                                {
                                    "action_type": "PLAY_3D_SOUND_FOR_PLAYER", 
                                    "args_list": [
                                        {
                                            "arg_type": 100025, 
                                            "args_list": [
                                                {
                                                    "arg_type": 100002, 
                                                    "args_list": [
                                                        [
                                                            "INTEGER", 
                                                            "i", 
                                                            "local"
                                                        ]
                                                    ], 
                                                    "sub_type": 6
                                                }
                                            ], 
                                            "sub_type": "GET_ROLE_BY_INT"
                                        }, 
                                        {
                                            "arg_type": 100084, 
                                            "args_list": [
                                                134280984
                                            ], 
                                            "sub_type": 1
                                        }, 
                                        {
                                            "arg_type": 100004, 
                                            "args_list": [
                                                {
                                                    "arg_type": 100006, 
                                                    "args_list": [], 
                                                    "sub_type": "ABILITY_OWNER"
                                                }
                                            ], 
                                            "sub_type": "UNIT_ENTITY_POINT"
                                        }, 
                                        {
                                            "arg_type": 100000, 
                                            "args_list": [
                                                {
                                                    "arg_type": 100006, 
                                                    "args_list": [], 
                                                    "sub_type": "ABILITY_OWNER"
                                                }
                                            ], 
                                            "sub_type": "UNIT_GET_HEIGHT"
                                        }, 
                                        {
                                            "arg_type": 100001, 
                                            "args_list": [
                                                false
                                            ], 
                                            "sub_type": 1
                                        }
                                    ], 
                                    "bp": false, 
                                    "element_id": 136613893000008, 
                                    "enable": true, 
                                    "op_arg": [
                                        null, 
                                        null, 
                                        null
                                    ], 
                                    "op_arg_enable": [
                                        false, 
                                        false, 
                                        false
                                    ]
                                }
                            ], 
                            "sub_type": 1
                        }
                    ], 
                    "bp": false, 
                    "element_id": 136613893000009, 
                    "enable": true
                }
            ], 
            "call_enabled": true, 
            "condition": [
                {
                    "args_list": [
                        {
                            "arg_type": 100000, 
                            "args_list": [
                                {
                                    "arg_type": 100014, 
                                    "args_list": [], 
                                    "sub_type": "CUR_ABILITY"
                                }, 
                                {
                                    "arg_type": 100003, 
                                    "args_list": [
                                        "\u89e6\u53d1\u6982\u7387"
                                    ], 
                                    "sub_type": 1
                                }
                            ], 
                            "sub_type": "GET_FLOAT_KV"
                        }, 
                        {
                            "arg_type": 100015, 
                            "args_list": [
                                ">="
                            ], 
                            "sub_type": 1
                        }, 
                        {
                            "arg_type": 100000, 
                            "args_list": [
                                {
                                    "arg_type": 100000, 
                                    "args_list": [
                                        0.0
                                    ], 
                                    "sub_type": 1
                                }, 
                                {
                                    "arg_type": 100000, 
                                    "args_list": [
                                        100.0
                                    ], 
                                    "sub_type": 1
                                }
                            ], 
                            "sub_type": "RANDOM_FLOAT"
                        }
                    ], 
                    "condition_type": "FLOAT_COMPARE", 
                    "element_id": 136613893000002, 
                    "enable": true
                }
            ], 
            "enabled": false, 
            "event": [
                {
                    "args_list": [
                        {
                            "arg_type": 100014, 
                            "args_list": [
                                {
                                    "arg_type": 100006, 
                                    "args_list": [
                                        [
                                            "UNIT_ENTITY", 
                                            "ucf", 
                                            "local"
                                        ]
                                    ], 
                                    "sub_type": 11
                                }, 
                                {
                                    "arg_type": 100182, 
                                    "args_list": [
                                        1
                                    ], 
                                    "sub_type": 1
                                }, 
                                {
                                    "arg_type": 100002, 
                                    "args_list": [
                                        1
                                    ], 
                                    "sub_type": 1
                                }
                            ], 
                            "sub_type": "UNIT_ABILITY"
                        }, 
                        {
                            "arg_type": 100128, 
                            "args_list": [
                                "ET_ABILITY_CST_END"
                            ], 
                            "sub_type": 1
                        }
                    ], 
                    "element_id": 136613893000001, 
                    "enable": true, 
                    "event_type": "SPECIAL_ABILITY_EVENT"
                }
            ], 
            "group_id": 0, 
            "is_conf": true, 
            "p_trigger_id": 1495568388, 
            "trigger_id": 136613893, 
            "trigger_name": "\u5b50\u89e6\u53d1\u5668_2", 
            "valid": true
        }, 
        "1495568388": {
            "action": [
                {
                    "action_type": "SET_VARIABLE", 
                    "args_list": [
                        {
                            "arg_type": 100030, 
                            "args_list": [
                                [
                                    "UNIT_ENTITY", 
                                    "ucf", 
                                    "local"
                                ]
                            ], 
                            "sub_type": 1
                        }, 
                        {
                            "arg_type": 100006, 
                            "args_list": [], 
                            "sub_type": "ABILITY_OWNER"
                        }
                    ], 
                    "bp": false, 
                    "element_id": 1495568388000002, 
                    "enable": true
                }, 
                {
                    "action_type": "SET_VARIABLE", 
                    "args_list": [
                        {
                            "arg_type": 100030, 
                            "args_list": [
                                [
                                    "ABILITY", 
                                    "sk", 
                                    "local"
                                ]
                            ], 
                            "sub_type": 1
                        }, 
                        {
                            "arg_type": 100014, 
                            "args_list": [], 
                            "sub_type": "CUR_ABILITY"
                        }
                    ], 
                    "bp": false, 
                    "element_id": 1495568388000003, 
                    "enable": true
                }, 
                136613893
            ], 
            "call_enabled": true, 
            "condition": [], 
            "enabled": true, 
            "event": [
                {
                    "args_list": [], 
                    "element_id": 1495568388000001, 
                    "enable": true, 
                    "event_type": "ABILITY_OBTAIN"
                }
            ], 
            "group_id": 134247503, 
            "p_trigger_id": null, 
            "trigger_id": 1495568388, 
            "trigger_name": "\u65b0\u5efa\u89e6\u53d1\u5668_2", 
            "valid": true
        }
    }, 
    "trigger_group_info": [
        [
            136613893, 
            "\u5b50\u89e6\u53d1\u5668_2"
        ], 
        {
            "_trigger_group_": true, 
            "group": [
                [
                    1495568388, 
                    "\u65b0\u5efa\u89e6\u53d1\u5668_2"
                ]
            ], 
            "key": 134247503, 
            "name": "134247503"
        }
    ], 
    "trigger_version": "1.2", 
    "variable_dict": {
        "DYNAMIC_TRIGGER_INSTANCE": {
            "TriggerInstance": 0
        }
    }, 
    "variable_group_info": [
        [
            "TriggerInstance", 
            "(TriggerInstance)_2"
        ]
    ], 
    "variable_length_dict": {
        "TriggerInstance": 0
    }
}