{
    "archive_slots": {
        "1": {
            "billboard_max_item_num": 0, 
            "billboard_sort_type": 0, 
            "encrypt": false, 
            "key": 1, 
            "name": "\u82f1\u96c4\u76ae\u80a4\u4f7f\u7528\u60c5\u51b5\u8868", 
            "type": 4, 
            "value": "\u82f1\u96c4\u76ae\u80a4\u4f7f\u7528\u60c5\u51b5\u8868"
        }, 
        "2": {
            "billboard_max_item_num": 0, 
            "billboard_sort_type": 0, 
            "encrypt": false, 
            "key": 2, 
            "name": "\u82f1\u96c4\u76ae\u80a4\u62e5\u6709\u60c5\u51b5\u8868", 
            "type": 4, 
            "value": "\u82f1\u96c4\u76ae\u80a4\u62e5\u6709\u60c5\u51b5\u8868"
        }, 
        "3": {
            "billboard_max_item_num": 0, 
            "billboard_sort_type": 0, 
            "encrypt": false, 
            "key": 3, 
            "name": "\u73a9\u5bb6\u76ae\u80a4\u9053\u5177\u8868", 
            "type": 4, 
            "value": "\u73a9\u5bb6\u76ae\u80a4\u9053\u5177\u8868"
        }, 
        "4": {
            "billboard_max_item_num": 0, 
            "billboard_sort_type": 0, 
            "encrypt": false, 
            "key": 4, 
            "name": "\u73a9\u5bb6\u529f\u6cd5\u9053\u5177\u8868", 
            "type": 4, 
            "value": "\u73a9\u5bb6\u529f\u6cd5\u9053\u5177\u8868"
        }, 
        "5": {
            "billboard_max_item_num": 0, 
            "billboard_sort_type": 0, 
            "encrypt": false, 
            "key": 5, 
            "name": "\u73a9\u5bb6\u529f\u6cd5\u4f7f\u7528\u8868", 
            "type": 4, 
            "value": "\u73a9\u5bb6\u529f\u6cd5\u4f7f\u7528\u8868"
        }, 
        "6": {
            "billboard_max_item_num": 0, 
            "billboard_sort_type": 0, 
            "encrypt": false, 
            "key": 6, 
            "name": "\u94dc\u94b1", 
            "type": 3, 
            "value": 4294967296000
        }, 
        "7": {
            "billboard_max_item_num": 0, 
            "billboard_sort_type": 0, 
            "encrypt": false, 
            "key": 7, 
            "name": "\u6218\u7ee9\u8868", 
            "type": 4, 
            "value": "\u6218\u7ee9\u8868"
        }, 
        "8": {
            "billboard_max_item_num": 0, 
            "billboard_sort_type": 0, 
            "encrypt": false, 
            "key": 8, 
            "name": "\u73a9\u5bb6\u901a\u884c\u8bc1\u4efb\u52a1\u8868", 
            "type": 4, 
            "value": "\u73a9\u5bb6\u901a\u884c\u8bc1\u4efb\u52a1\u8868"
        }, 
        "9": {
            "billboard_max_item_num": 0, 
            "billboard_sort_type": 0, 
            "encrypt": false, 
            "key": 9, 
            "name": "\u73a9\u5bb6\u901a\u884c\u8bc1\u9886\u53d6\u8868", 
            "type": 4, 
            "value": "\u73a9\u5bb6\u901a\u884c\u8bc1\u9886\u53d6\u8868"
        }, 
        "10": {
            "billboard_max_item_num": 0, 
            "billboard_sort_type": 0, 
            "encrypt": false, 
            "key": 10, 
            "name": "\u73a9\u5bb6\u6708\u5361\u9886\u53d6\u8868", 
            "type": 4, 
            "value": "\u73a9\u5bb6\u6708\u5361\u9886\u53d6\u8868"
        }, 
        "11": {
            "billboard_max_item_num": 0, 
            "billboard_sort_type": 0, 
            "encrypt": false, 
            "key": 11, 
            "name": "\u73a9\u5bb6\u65e5\u5e38\u4efb\u52a1\u9886\u53d6\u8868", 
            "type": 4, 
            "value": "\u65e5\u5e38\u4efb\u52a1\u5956\u52b1\u8868"
        }, 
        "12": {
            "billboard_max_item_num": 0, 
            "billboard_sort_type": 0, 
            "encrypt": false, 
            "key": 12, 
            "name": "\u73a9\u5bb6\u9526\u4eb5\u9886\u53d6\u8868", 
            "type": 4, 
            "value": "\u73a9\u5bb6\u9526\u56ca\u9886\u53d6\u8868"
        }, 
        "13": {
            "billboard_max_item_num": 0, 
            "billboard_sort_type": 0, 
            "encrypt": false, 
            "key": 13, 
            "name": "\u73a9\u5bb6\u901a\u884c\u8bc1\u8d2d\u4e70\u60c5\u51b5\u8868", 
            "type": 4, 
            "value": "\u73a9\u5bb6\u901a\u884c\u8bc1\u8d2d\u4e70\u60c5\u51b5\u8868"
        }, 
        "14": {
            "billboard_max_item_num": 0, 
            "billboard_sort_type": 0, 
            "encrypt": false, 
            "key": 14, 
            "name": "\u901a\u884c\u8bc1\u7ecf\u9a8c", 
            "type": 2, 
            "value": 3000
        }, 
        "15": {
            "billboard_max_item_num": 0, 
            "billboard_sort_type": 0, 
            "encrypt": false, 
            "key": 15, 
            "name": "\u73a9\u5bb6\u65e5\u5e38\u4efb\u52a1\u5b8c\u6210\u8868", 
            "type": 4, 
            "value": "\u73a9\u5bb6\u65e5\u5e38\u4efb\u52a1\u5b8c\u6210\u8868"
        }
    }
}