{
    "奕鸣": {
        "role_id": 1, 
        "archive": {
            "1": {
                "data_type": 4, 
                "data_value": "{\n[1]={\n[\"皮肤位置\"]=0,\n[\"key\"]=1,\n},\n[2]={\n[\"皮肤位置\"]=0,\n[\"key\"]=2,\n},\n[3]={\n[\"皮肤位置\"]=0,\n[\"key\"]=3,\n},\n[4]={\n[\"皮肤位置\"]=0,\n[\"key\"]=4,\n},\n[5]={\n[\"皮肤位置\"]=0,\n[\"key\"]=5,\n},\n[6]={\n[\"皮肤位置\"]=0,\n[\"key\"]=6,\n},\n[7]={\n[\"皮肤位置\"]=0,\n[\"key\"]=7,\n},\n[8]={\n[\"皮肤位置\"]=0,\n[\"key\"]=8,\n},\n}"
            }, 
            "2": {
                "data_type": 4, 
                "data_value": "{\n[1]={\n[\"12\"]=0,\n[\"key\"]=1,\n[\"0\"]=0,\n[\"1\"]=0,\n[\"10\"]=0,\n[\"11\"]=0,\n[\"4\"]=0,\n[\"5\"]=0,\n[\"2\"]=0,\n[\"3\"]=0,\n[\"8\"]=0,\n[\"9\"]=0,\n[\"6\"]=0,\n[\"7\"]=0,\n},\n[2]={\n[\"12\"]=0,\n[\"key\"]=2,\n[\"0\"]=0,\n[\"1\"]=0,\n[\"10\"]=0,\n[\"11\"]=0,\n[\"4\"]=0,\n[\"5\"]=0,\n[\"2\"]=0,\n[\"3\"]=0,\n[\"8\"]=0,\n[\"9\"]=0,\n[\"6\"]=0,\n[\"7\"]=0,\n},\n[3]={\n[\"12\"]=0,\n[\"key\"]=3,\n[\"0\"]=0,\n[\"1\"]=0,\n[\"10\"]=0,\n[\"11\"]=0,\n[\"4\"]=0,\n[\"5\"]=0,\n[\"2\"]=0,\n[\"3\"]=0,\n[\"8\"]=0,\n[\"9\"]=0,\n[\"6\"]=0,\n[\"7\"]=0,\n},\n[4]={\n[\"12\"]=0,\n[\"key\"]=4,\n[\"0\"]=0,\n[\"1\"]=0,\n[\"10\"]=0,\n[\"11\"]=0,\n[\"4\"]=0,\n[\"5\"]=0,\n[\"2\"]=0,\n[\"3\"]=0,\n[\"8\"]=0,\n[\"9\"]=0,\n[\"6\"]=0,\n[\"7\"]=0,\n},\n[5]={\n[\"12\"]=0,\n[\"key\"]=5,\n[\"0\"]=0,\n[\"1\"]=0,\n[\"10\"]=0,\n[\"11\"]=0,\n[\"4\"]=0,\n[\"5\"]=0,\n[\"2\"]=0,\n[\"3\"]=0,\n[\"8\"]=0,\n[\"9\"]=0,\n[\"6\"]=0,\n[\"7\"]=0,\n},\n[6]={\n[\"12\"]=0,\n[\"key\"]=6,\n[\"0\"]=0,\n[\"1\"]=0,\n[\"10\"]=0,\n[\"11\"]=0,\n[\"4\"]=0,\n[\"5\"]=0,\n[\"2\"]=0,\n[\"3\"]=0,\n[\"8\"]=0,\n[\"9\"]=0,\n[\"6\"]=0,\n[\"7\"]=0,\n},\n[7]={\n[\"12\"]=0,\n[\"key\"]=7,\n[\"0\"]=0,\n[\"1\"]=0,\n[\"10\"]=0,\n[\"11\"]=0,\n[\"4\"]=0,\n[\"5\"]=0,\n[\"2\"]=0,\n[\"3\"]=0,\n[\"8\"]=0,\n[\"9\"]=0,\n[\"6\"]=0,\n[\"7\"]=0,\n},\n[8]={\n[\"12\"]=0,\n[\"key\"]=8,\n[\"0\"]=0,\n[\"1\"]=0,\n[\"10\"]=0,\n[\"11\"]=0,\n[\"4\"]=0,\n[\"5\"]=0,\n[\"2\"]=0,\n[\"3\"]=0,\n[\"8\"]=0,\n[\"9\"]=0,\n[\"6\"]=0,\n[\"7\"]=0,\n},\n}"
            }, 
            "3": {
                "data_type": 4, 
                "data_value": "{\n}"
            }, 
            "4": {
                "data_type": 4, 
                "data_value": "{\n[1]={\n[\"4\"]=0,\n[\"5\"]=10,\n[\"类别\"]=1,\n[\"key\"]=1,\n[\"3\"]=0,\n[\"1\"]=0,\n[\"名称\"]=\"心眼\",\n[\"2\"]=0,\n},\n[2]={\n[\"4\"]=0,\n[\"5\"]=10,\n[\"类别\"]=1,\n[\"key\"]=2,\n[\"3\"]=0,\n[\"1\"]=0,\n[\"名称\"]=\"灵山\",\n[\"2\"]=0,\n},\n[3]={\n[\"4\"]=0,\n[\"5\"]=10,\n[\"类别\"]=1,\n[\"key\"]=3,\n[\"3\"]=0,\n[\"1\"]=0,\n[\"名称\"]=\"调和\",\n[\"2\"]=0,\n},\n[4]={\n[\"4\"]=0,\n[\"5\"]=10,\n[\"类别\"]=1,\n[\"key\"]=4,\n[\"3\"]=0,\n[\"1\"]=0,\n[\"名称\"]=\"隐匿\",\n[\"2\"]=0,\n},\n[5]={\n[\"4\"]=0,\n[\"5\"]=10,\n[\"类别\"]=1,\n[\"key\"]=5,\n[\"3\"]=0,\n[\"1\"]=0,\n[\"名称\"]=\"圣人\",\n[\"2\"]=0,\n},\n[6]={\n[\"4\"]=0,\n[\"5\"]=10,\n[\"类别\"]=1,\n[\"key\"]=6,\n[\"3\"]=0,\n[\"1\"]=0,\n[\"名称\"]=\"贪婪\",\n[\"2\"]=0,\n},\n[7]={\n[\"4\"]=0,\n[\"5\"]=10,\n[\"类别\"]=2,\n[\"key\"]=7,\n[\"3\"]=0,\n[\"1\"]=0,\n[\"名称\"]=\"兽痕\",\n[\"2\"]=0,\n},\n[8]={\n[\"4\"]=0,\n[\"5\"]=10,\n[\"类别\"]=2,\n[\"key\"]=8,\n[\"3\"]=0,\n[\"1\"]=0,\n[\"名称\"]=\"无双\",\n[\"2\"]=0,\n},\n[9]={\n[\"4\"]=0,\n[\"5\"]=10,\n[\"类别\"]=2,\n[\"key\"]=9,\n[\"3\"]=0,\n[\"1\"]=0,\n[\"名称\"]=\"冥想\",\n[\"2\"]=0,\n},\n[10]={\n[\"4\"]=0,\n[\"5\"]=10,\n[\"类别\"]=2,\n[\"key\"]=10,\n[\"3\"]=0,\n[\"1\"]=0,\n[\"名称\"]=\"碰撞\",\n[\"2\"]=0,\n},\n[11]={\n[\"4\"]=0,\n[\"5\"]=10,\n[\"类别\"]=2,\n[\"key\"]=11,\n[\"3\"]=0,\n[\"1\"]=0,\n[\"名称\"]=\"霸者\",\n[\"2\"]=0,\n},\n[12]={\n[\"4\"]=0,\n[\"5\"]=10,\n[\"类别\"]=2,\n[\"key\"]=12,\n[\"3\"]=0,\n[\"1\"]=0,\n[\"名称\"]=\"长生\",\n[\"2\"]=0,\n},\n[13]={\n[\"4\"]=0,\n[\"5\"]=10,\n[\"类别\"]=3,\n[\"key\"]=13,\n[\"3\"]=0,\n[\"1\"]=0,\n[\"名称\"]=\"狩猎\",\n[\"2\"]=0,\n},\n[14]={\n[\"4\"]=0,\n[\"5\"]=10,\n[\"类别\"]=3,\n[\"key\"]=14,\n[\"3\"]=0,\n[\"1\"]=0,\n[\"名称\"]=\"鹰眼\",\n[\"2\"]=0,\n},\n[15]={\n[\"4\"]=0,\n[\"5\"]=10,\n[\"类别\"]=3,\n[\"key\"]=15,\n[\"3\"]=0,\n[\"1\"]=0,\n[\"名称\"]=\"暴怒\",\n[\"2\"]=0,\n},\n[16]={\n[\"4\"]=0,\n[\"5\"]=10,\n[\"类别\"]=3,\n[\"key\"]=16,\n[\"3\"]=0,\n[\"1\"]=0,\n[\"名称\"]=\"夺萃\",\n[\"2\"]=0,\n},\n[17]={\n[\"4\"]=0,\n[\"5\"]=10,\n[\"类别\"]=3,\n[\"key\"]=17,\n[\"3\"]=0,\n[\"1\"]=0,\n[\"名称\"]=\"红月\",\n[\"2\"]=0,\n},\n[18]={\n[\"4\"]=0,\n[\"5\"]=10,\n[\"类别\"]=3,\n[\"key\"]=18,\n[\"3\"]=0,\n[\"1\"]=0,\n[\"名称\"]=\"传承\",\n[\"2\"]=0,\n},\n}"
            }, 
            "5": {
                "data_type": 4, 
                "data_value": "{\n[1]={\n[\"key\"]=1,\n},\n[2]={\n[\"key\"]=2,\n},\n[3]={\n[\"key\"]=3,\n},\n[4]={\n[\"key\"]=4,\n},\n[5]={\n[\"key\"]=5,\n},\n[6]={\n[\"key\"]=6,\n},\n[7]={\n[\"key\"]=7,\n},\n[8]={\n[\"key\"]=8,\n},\n[9]={\n[\"key\"]=9,\n},\n[10]={\n[\"key\"]=10,\n},\n[11]={\n[\"key\"]=11,\n},\n[12]={\n[\"key\"]=12,\n},\n[13]={\n[\"key\"]=13,\n},\n[14]={\n[\"key\"]=14,\n},\n[15]={\n[\"key\"]=15,\n},\n[16]={\n[\"key\"]=16,\n},\n[17]={\n[\"key\"]=17,\n},\n[18]={\n[\"key\"]=18,\n},\n[19]={\n[\"key\"]=19,\n},\n[20]={\n[\"key\"]=20,\n},\n[21]={\n[\"key\"]=21,\n},\n[22]={\n[\"key\"]=22,\n},\n[23]={\n[\"key\"]=23,\n},\n[24]={\n[\"key\"]=24,\n},\n[25]={\n[\"key\"]=25,\n},\n[26]={\n[\"key\"]=26,\n},\n[27]={\n[\"key\"]=27,\n},\n[28]={\n[\"key\"]=28,\n},\n[29]={\n[\"key\"]=29,\n},\n[30]={\n[\"key\"]=30,\n},\n}"
            }, 
            "6": {
                "data_type": 3, 
                "data_value": 4445291151360
            }, 
            "7": {
                "data_type": 4, 
                "data_value": "{\n[1]={\n[\"开始时间\"]=1706774961,\n[\"英雄ID\"]=2,\n[\"当局玩家数\"]=1,\n},\n[2]={\n[\"英雄ID\"]=1,\n[\"开始时间\"]=1706775705,\n[\"结束时间\"]=1706776485,\n[\"当局排名\"]=1,\n[\"当局玩家数\"]=1,\n},\n[3]={\n[\"开始时间\"]=1706782699,\n[\"英雄ID\"]=1,\n[\"当局玩家数\"]=1,\n},\n[4]={\n[\"开始时间\"]=1706782899,\n[\"英雄ID\"]=1,\n[\"当局玩家数\"]=1,\n},\n[5]={\n[\"开始时间\"]=1706783285,\n[\"英雄ID\"]=1,\n[\"当局玩家数\"]=1,\n},\n[6]={\n[\"开始时间\"]=1706838897,\n[\"英雄ID\"]=1,\n[\"当局玩家数\"]=1,\n},\n[7]={\n[\"开始时间\"]=1706839461,\n[\"英雄ID\"]=1,\n[\"当局玩家数\"]=1,\n},\n[8]={\n[\"开始时间\"]=1706840090,\n[\"英雄ID\"]=1,\n[\"当局玩家数\"]=1,\n},\n[9]={\n[\"开始时间\"]=1706842212,\n[\"英雄ID\"]=1,\n[\"当局玩家数\"]=1,\n},\n[10]={\n[\"开始时间\"]=1706842414,\n[\"英雄ID\"]=1,\n[\"当局玩家数\"]=1,\n},\n[11]={\n[\"开始时间\"]=1706842559,\n[\"英雄ID\"]=1,\n[\"当局玩家数\"]=1,\n},\n[12]={\n[\"开始时间\"]=1706842654,\n[\"英雄ID\"]=1,\n[\"当局玩家数\"]=1,\n},\n[13]={\n[\"开始时间\"]=1706842891,\n[\"英雄ID\"]=1,\n[\"当局玩家数\"]=1,\n},\n[14]={\n[\"英雄ID\"]=1,\n[\"开始时间\"]=1706842991,\n[\"结束时间\"]=1706843411,\n[\"当局排名\"]=0,\n[\"当局玩家数\"]=1,\n},\n}"
            }, 
            "8": {
                "data_type": 4, 
                "data_value": "{\n[1]={\n[\"场次\"]=4,\n[\"key\"]=1,\n},\n[2]={\n[\"场次\"]=2,\n[\"key\"]=2,\n},\n[3]={\n[\"场次\"]=3,\n[\"key\"]=3,\n},\n[4]={\n[\"场次\"]=3,\n[\"key\"]=4,\n},\n[5]={\n[\"场次\"]=5,\n[\"key\"]=5,\n},\n[6]={\n[\"场次\"]=5,\n[\"key\"]=6,\n},\n[7]={\n[\"场次\"]=0,\n[\"key\"]=7,\n},\n[8]={\n[\"场次\"]=0,\n[\"key\"]=8,\n},\n[9]={\n[\"场次\"]=2,\n[\"key\"]=9,\n},\n[10]={\n[\"场次\"]=0,\n[\"key\"]=10,\n},\n[11]={\n[\"场次\"]=0,\n[\"key\"]=11,\n},\n[12]={\n[\"场次\"]=0,\n[\"key\"]=12,\n},\n[13]={\n[\"场次\"]=0,\n[\"key\"]=13,\n},\n[14]={\n[\"场次\"]=0,\n[\"key\"]=14,\n},\n[15]={\n[\"场次\"]=0,\n[\"key\"]=15,\n},\n[16]={\n[\"场次\"]=0,\n[\"key\"]=16,\n},\n[17]={\n[\"场次\"]=0,\n[\"key\"]=17,\n},\n[18]={\n[\"场次\"]=0,\n[\"key\"]=18,\n},\n[19]={\n[\"场次\"]=2,\n[\"key\"]=19,\n},\n[20]={\n[\"场次\"]=0,\n[\"key\"]=20,\n},\n[21]={\n[\"场次\"]=0,\n[\"key\"]=21,\n},\n[22]={\n[\"场次\"]=0,\n[\"key\"]=22,\n},\n[23]={\n[\"场次\"]=0,\n[\"key\"]=23,\n},\n[24]={\n[\"场次\"]=0,\n[\"key\"]=24,\n},\n[25]={\n[\"场次\"]=0,\n[\"key\"]=25,\n},\n[26]={\n[\"场次\"]=0,\n[\"key\"]=26,\n},\n[27]={\n[\"场次\"]=0,\n[\"key\"]=27,\n},\n[28]={\n[\"场次\"]=0,\n[\"key\"]=28,\n},\n[29]={\n[\"场次\"]=0,\n[\"key\"]=29,\n},\n[30]={\n[\"场次\"]=0,\n[\"key\"]=30,\n},\n[31]={\n[\"场次\"]=2,\n[\"key\"]=31,\n},\n[32]={\n[\"场次\"]=0,\n[\"key\"]=32,\n},\n[33]={\n[\"场次\"]=0,\n[\"key\"]=33,\n},\n[34]={\n[\"场次\"]=0,\n[\"key\"]=34,\n},\n[35]={\n[\"场次\"]=0,\n[\"key\"]=35,\n},\n[36]={\n[\"场次\"]=0,\n[\"key\"]=36,\n},\n[37]={\n[\"场次\"]=0,\n[\"key\"]=37,\n},\n[38]={\n[\"场次\"]=0,\n[\"key\"]=38,\n},\n[39]={\n[\"场次\"]=2,\n[\"key\"]=39,\n},\n[40]={\n[\"场次\"]=0,\n[\"key\"]=40,\n},\n[41]={\n[\"场次\"]=0,\n[\"key\"]=41,\n},\n[42]={\n[\"场次\"]=0,\n[\"key\"]=42,\n},\n[43]={\n[\"场次\"]=0,\n[\"key\"]=43,\n},\n[44]={\n[\"场次\"]=0,\n[\"key\"]=44,\n},\n[45]={\n[\"场次\"]=0,\n[\"key\"]=45,\n},\n[46]={\n[\"场次\"]=0,\n[\"key\"]=46,\n},\n[47]={\n[\"场次\"]=0,\n[\"key\"]=47,\n},\n[48]={\n[\"场次\"]=0,\n[\"key\"]=48,\n},\n[49]={\n[\"场次\"]=2,\n[\"key\"]=49,\n},\n[50]={\n[\"场次\"]=0,\n[\"key\"]=50,\n},\n[51]={\n[\"场次\"]=0,\n[\"key\"]=51,\n},\n[52]={\n[\"场次\"]=0,\n[\"key\"]=52,\n},\n[53]={\n[\"场次\"]=0,\n[\"key\"]=53,\n},\n[54]={\n[\"场次\"]=0,\n[\"key\"]=54,\n},\n[55]={\n[\"场次\"]=0,\n[\"key\"]=55,\n},\n[56]={\n[\"场次\"]=0,\n[\"key\"]=56,\n},\n[57]={\n[\"场次\"]=0,\n[\"key\"]=57,\n},\n[58]={\n[\"场次\"]=0,\n[\"key\"]=58,\n},\n[59]={\n[\"场次\"]=0,\n[\"key\"]=59,\n},\n[60]={\n[\"场次\"]=0,\n[\"key\"]=60,\n},\n[61]={\n[\"场次\"]=0,\n[\"key\"]=61,\n},\n[62]={\n[\"场次\"]=0,\n[\"key\"]=62,\n},\n[63]={\n[\"场次\"]=0,\n[\"key\"]=63,\n},\n[64]={\n[\"场次\"]=0,\n[\"key\"]=64,\n},\n[65]={\n[\"场次\"]=0,\n[\"key\"]=65,\n},\n[66]={\n[\"场次\"]=0,\n[\"key\"]=66,\n},\n[67]={\n[\"场次\"]=0,\n[\"key\"]=67,\n},\n[68]={\n[\"场次\"]=0,\n[\"key\"]=68,\n},\n[69]={\n[\"场次\"]=0,\n[\"key\"]=69,\n},\n[70]={\n[\"场次\"]=0,\n[\"key\"]=70,\n},\n}"
            }, 
            "9": {
                "data_type": 4, 
                "data_value": "{\n[1]={\n[\"20\"]=0,\n[\"10\"]=0,\n[\"2\"]=0,\n[\"3\"]=0,\n[\"8\"]=0,\n[\"9\"]=0,\n[\"6\"]=0,\n[\"7\"]=0,\n[\"26\"]=0,\n[\"38\"]=0,\n[\"28\"]=0,\n[\"18\"]=0,\n[\"32\"]=0,\n[\"22\"]=0,\n[\"31\"]=0,\n[\"41\"]=0,\n[\"40\"]=0,\n[\"36\"]=0,\n[\"48\"]=0,\n[\"46\"]=0,\n[\"44\"]=0,\n[\"24\"]=0,\n[\"16\"]=0,\n[\"42\"]=0,\n[\"35\"]=0,\n[\"43\"]=0,\n[\"50\"]=0,\n[\"11\"]=0,\n[\"21\"]=0,\n[\"45\"]=0,\n[\"47\"]=0,\n[\"37\"]=0,\n[\"49\"]=0,\n[\"39\"]=0,\n[\"34\"]=0,\n[\"17\"]=0,\n[\"15\"]=0,\n[\"19\"]=0,\n[\"29\"]=0,\n[\"23\"]=0,\n[\"33\"]=0,\n[\"25\"]=0,\n[\"30\"]=0,\n[\"27\"]=0,\n[\"14\"]=0,\n[\"12\"]=0,\n[\"key\"]=1,\n[\"1\"]=0,\n[\"5\"]=0,\n[\"4\"]=0,\n[\"13\"]=0,\n},\n[2]={\n[\"20\"]=0,\n[\"10\"]=0,\n[\"2\"]=0,\n[\"3\"]=0,\n[\"8\"]=0,\n[\"9\"]=0,\n[\"6\"]=0,\n[\"7\"]=0,\n[\"26\"]=0,\n[\"38\"]=0,\n[\"28\"]=0,\n[\"18\"]=0,\n[\"32\"]=0,\n[\"22\"]=0,\n[\"31\"]=0,\n[\"41\"]=0,\n[\"40\"]=0,\n[\"36\"]=0,\n[\"48\"]=0,\n[\"46\"]=0,\n[\"44\"]=0,\n[\"24\"]=0,\n[\"16\"]=0,\n[\"42\"]=0,\n[\"35\"]=0,\n[\"43\"]=0,\n[\"50\"]=0,\n[\"11\"]=0,\n[\"21\"]=0,\n[\"45\"]=0,\n[\"47\"]=0,\n[\"37\"]=0,\n[\"49\"]=0,\n[\"39\"]=0,\n[\"34\"]=0,\n[\"17\"]=0,\n[\"15\"]=0,\n[\"19\"]=0,\n[\"29\"]=0,\n[\"23\"]=0,\n[\"33\"]=0,\n[\"25\"]=0,\n[\"30\"]=0,\n[\"27\"]=0,\n[\"14\"]=0,\n[\"12\"]=0,\n[\"key\"]=2,\n[\"1\"]=0,\n[\"5\"]=0,\n[\"4\"]=0,\n[\"13\"]=0,\n},\n}"
            }, 
            "10": {
                "data_type": 4, 
                "data_value": "{\n[1]={\n[\"有效日期\"]=0,\n[\"奖励类别\"]=2,\n[\"key\"]=1,\n},\n[2]={\n[\"有效日期\"]=0,\n[\"奖励类别\"]=2,\n[\"key\"]=2,\n},\n[3]={\n[\"有效日期\"]=0,\n[\"奖励类别\"]=2,\n[\"key\"]=3,\n},\n[4]={\n[\"有效日期\"]=0,\n[\"奖励类别\"]=2,\n[\"key\"]=4,\n},\n[5]={\n[\"有效日期\"]=0,\n[\"奖励类别\"]=2,\n[\"key\"]=5,\n},\n[6]={\n[\"有效日期\"]=0,\n[\"奖励类别\"]=2,\n[\"key\"]=6,\n},\n[7]={\n[\"有效日期\"]=0,\n[\"奖励类别\"]=2,\n[\"key\"]=7,\n},\n[8]={\n[\"有效日期\"]=0,\n[\"奖励类别\"]=2,\n[\"key\"]=8,\n},\n[9]={\n[\"有效日期\"]=0,\n[\"奖励类别\"]=1,\n[\"key\"]=9,\n},\n[10]={\n[\"有效日期\"]=0,\n[\"奖励类别\"]=1,\n[\"key\"]=10,\n},\n[11]={\n[\"有效日期\"]=0,\n[\"奖励类别\"]=1,\n[\"key\"]=11,\n},\n[12]={\n[\"有效日期\"]=0,\n[\"奖励类别\"]=1,\n[\"key\"]=12,\n},\n}"
            }, 
            "11": {
                "data_type": 4, 
                "data_value": "{\n[1]={\n[\"key\"]=1,\n[\"数量\"]=1,\n[\"物品类型\"]=134259201,\n},\n[2]={\n[\"key\"]=2,\n[\"数量\"]=1,\n[\"物品类型\"]=134217861,\n},\n[3]={\n[\"key\"]=3,\n[\"数量\"]=1,\n[\"物品类型\"]=134279945,\n},\n[4]={\n[\"key\"]=4,\n[\"数量\"]=1,\n[\"物品类型\"]=134220235,\n},\n[5]={\n[\"key\"]=5,\n[\"数量\"]=1,\n[\"物品类型\"]=134247717,\n},\n}"
            }, 
            "12": {
                "data_type": 4, 
                "data_value": "{\n[1]={\n[\"领取情况\"]=0,\n[\"key\"]=1,\n},\n[2]={\n[\"领取情况\"]=0,\n[\"key\"]=2,\n},\n}"
            }, 
            "13": {
                "data_type": 4, 
                "data_value": "{\n[1]={\n[\"截止日期\"]=1708163408,\n[\"项目\"]=\"通行证\",\n[\"key\"]=1,\n},\n[2]={\n[\"截止日期\"]=1708163408,\n[\"项目\"]=\"月卡\",\n[\"key\"]=2,\n},\n}"
            }, 
            "14": {
                "data_type": 2, 
                "data_value": 3000
            }, 
            "15": {
                "data_type": 4, 
                "data_value": "{\n[1]={\n[\"完成日期\"]=20240126,\n[\"场次\"]=1,\n[\"key\"]=1,\n},\n[2]={\n[\"完成日期\"]=20240126,\n[\"场次\"]=2,\n[\"key\"]=2,\n},\n[3]={\n[\"完成日期\"]=20240126,\n[\"场次\"]=3,\n[\"key\"]=3,\n},\n[4]={\n[\"完成日期\"]=20240126,\n[\"场次\"]=6,\n[\"key\"]=4,\n},\n[5]={\n[\"完成日期\"]=20240126,\n[\"场次\"]=7,\n[\"key\"]=5,\n},\n[6]={\n[\"完成日期\"]=20240124,\n[\"场次\"]=8,\n[\"key\"]=6,\n},\n[7]={\n[\"完成日期\"]=20240124,\n[\"场次\"]=9,\n[\"key\"]=7,\n},\n[8]={\n[\"完成日期\"]=20240124,\n[\"场次\"]=10,\n[\"key\"]=8,\n},\n}"
            }
        }, 
        "platform_prop": {}
    }
}