{
    "conf": {
        "1017902788": [], 
        "1024607586": [
            [
                "\u73a9\u5bb6", 
                100025
            ]
        ], 
        "1031172786": [
            [
                "id", 
                100002
            ], 
            [
                "wj", 
                100025
            ]
        ], 
        "1031744835": [], 
        "1055047782": [
            [
                "\u73a9\u5bb6", 
                100025
            ], 
            [
                "\u952e\u4f4d", 
                100002
            ]
        ], 
        "1068518163": [], 
        "1084697306": [], 
        "1123185923": [], 
        "1163013543": [], 
        "1199485005": [
            [
                "\u6e38\u620f\u6a21\u5f0f0\u548c1", 
                100002
            ]
        ], 
        "1202958633": [
            [
                "\u65f6\u95f4", 
                100002
            ]
        ], 
        "1210389926": [], 
        "1213423076": [
            [
                "\u73a9\u5bb61\u91d1\u5e01", 
                100002
            ], 
            [
                "\u73a9\u5bb62\u91d1\u5e01", 
                100002
            ], 
            [
                "\u73a9\u5bb63\u91d1\u5e01", 
                100002
            ], 
            [
                "\u73a9\u5bb64\u91d1\u5e01", 
                100002
            ], 
            [
                "\u73a9\u5bb65\u91d1\u5e01", 
                100002
            ], 
            [
                "\u73a9\u5bb66\u91d1\u5e01", 
                100002
            ], 
            [
                "\u73a9\u5bb67\u91d1\u5e01", 
                100002
            ], 
            [
                "\u73a9\u5bb68\u91d1\u5e01", 
                100002
            ]
        ], 
        "1222307470": [], 
        "1225844243": [], 
        "1230541927": [], 
        "1244061309": [
            [
                "\u653b\u51fb\u5355\u4f4d", 
                100006
            ], 
            [
                "\u653b\u51fb\u76ee\u6807", 
                100006
            ]
        ], 
        "1366524737": [
            [
                "\u73a9\u5bb6", 
                100025
            ], 
            [
                "\u804c\u4e1a", 
                100002
            ]
        ], 
        "1374817873": [], 
        "1422653243": [], 
        "1444923081": [
            [
                "\u73a9\u5bb6", 
                100025
            ], 
            [
                "key", 
                100027
            ]
        ], 
        "1497905639": [
            [
                "\u73a9\u5bb6", 
                100025
            ]
        ], 
        "1529585444": [], 
        "1537870650": [], 
        "1549481348": [], 
        "1612354119": [], 
        "1625460980": [], 
        "1750586061": [], 
        "1765339346": [], 
        "1808173133": [], 
        "1859292301": [
            [
                "\u73a9\u5bb6", 
                100025
            ], 
            [
                "id", 
                100002
            ]
        ], 
        "1862258871": [
            [
                "\u73a9\u5bb6", 
                100025
            ], 
            [
                "\u754c\u9762", 
                100070
            ]
        ], 
        "1867440878": [], 
        "1888859022": [], 
        "1927214510": [], 
        "2029538510": [
            [
                "\u4e2a\u6570", 
                100002
            ]
        ], 
        "2054364762": [], 
        "2129593194": [], 
        "2144906622": []
    }, 
    "group_info": [
        {
            "__tuple__": true, 
            "items": [
                1244061309, 
                "\u653b\u51fb\u89e6\u53d1"
            ]
        }, 
        {
            "__tuple__": true, 
            "items": [
                1213423076, 
                "\u91d1\u5e01\u7ed3\u7b97"
            ]
        }, 
        {
            "__tuple__": true, 
            "items": [
                1230541927, 
                "\u6e38\u620f\u80dc\u5229"
            ]
        }, 
        {
            "__tuple__": true, 
            "items": [
                1202958633, 
                "\u6ce2\u6b21\u5f00\u59cb"
            ]
        }, 
        {
            "__tuple__": true, 
            "items": [
                1497905639, 
                "\u80dc\u5229\u7535\u5f711"
            ]
        }, 
        {
            "__tuple__": true, 
            "items": [
                1199485005, 
                "\u521d\u59cb\u5316\u602a\u7269"
            ]
        }, 
        {
            "__tuple__": true, 
            "items": [
                2029538510, 
                "\u5237\u602a"
            ]
        }, 
        {
            "__tuple__": true, 
            "items": [
                1859292301, 
                "\u5956\u52b1\u9875\u7b7e"
            ]
        }, 
        {
            "__tuple__": true, 
            "items": [
                1031172786, 
                "\u7269\u54c1\u680f"
            ]
        }, 
        {
            "__tuple__": true, 
            "items": [
                1024607586, 
                "\u73a9\u5bb6\u67e5\u770b\u5956\u52b1\u9875\u7b7e"
            ]
        }, 
        {
            "__tuple__": true, 
            "items": [
                1862258871, 
                "\u524d\u7f6e\u89e3\u9501"
            ]
        }, 
        {
            "__tuple__": true, 
            "items": [
                1210389926, 
                "\u80dc\u5229\u7535\u5f712"
            ]
        }, 
        {
            "__tuple__": true, 
            "items": [
                1084697306, 
                "\u80dc\u5229\u7535\u5f713"
            ]
        }, 
        {
            "__tuple__": true, 
            "items": [
                1055047782, 
                "\u5efa\u9020\u680f\u63d0\u793a"
            ]
        }, 
        {
            "__tuple__": true, 
            "items": [
                1123185923, 
                "\u56de\u5408\u5f00\u59cb"
            ]
        }, 
        {
            "__tuple__": true, 
            "items": [
                1366524737, 
                "\u9009\u62e9\u89d2\u8272\u4e8b\u4ef6"
            ]
        }, 
        {
            "__tuple__": true, 
            "items": [
                1808173133, 
                "\u5b8c\u6210\u9009\u89d2"
            ]
        }, 
        {
            "__tuple__": true, 
            "items": [
                1374817873, 
                "\u7981\u7528\u5efa\u9020\u6280\u80fd"
            ]
        }, 
        {
            "__tuple__": true, 
            "items": [
                1444923081, 
                "\u51fa\u5175"
            ]
        }, 
        {
            "__tuple__": true, 
            "items": [
                1765339346, 
                "\u5f00\u542f\u5efa\u9020\u6280\u80fd"
            ]
        }, 
        {
            "__tuple__": true, 
            "items": [
                1163013543, 
                "\u56de\u5408\u8fdb\u884c\u4e2d"
            ]
        }, 
        {
            "__tuple__": true, 
            "items": [
                2054364762, 
                "\u9020\u5175"
            ]
        }, 
        {
            "__tuple__": true, 
            "items": [
                1068518163, 
                "\u5237\u5175"
            ]
        }, 
        {
            "__tuple__": true, 
            "items": [
                2129593194, 
                "\u5339\u914d\u5bf9\u624b"
            ]
        }, 
        {
            "__tuple__": true, 
            "items": [
                1225844243, 
                "\u5355\u4eba\u6a21\u5f0f"
            ]
        }, 
        {
            "__tuple__": true, 
            "items": [
                2144906622, 
                "\u5175\u79cd\u76ae\u80a4\u9009\u4e2d\u82f1\u96c4\u4e8b\u4ef6"
            ]
        }, 
        {
            "__tuple__": true, 
            "items": [
                1625460980, 
                "\u6218\u6597\u6a21\u5f0f"
            ]
        }, 
        {
            "__tuple__": true, 
            "items": [
                1422653243, 
                "\u5546\u4e1a\u5316-\u8bbe\u7f6e\u754c\u9762"
            ]
        }, 
        {
            "__tuple__": true, 
            "items": [
                1549481348, 
                "\u5546\u4e1a\u5316-\u5175\u79cd\u76ae\u80a4"
            ]
        }, 
        {
            "__tuple__": true, 
            "items": [
                1867440878, 
                "\u5546\u4e1a\u5316-\u82f1\u96c4\u76ae\u80a4"
            ]
        }, 
        {
            "__tuple__": true, 
            "items": [
                1529585444, 
                "\u5546\u4e1a\u5316-\u4eba\u673a\u5bf9\u6218"
            ]
        }, 
        {
            "__tuple__": true, 
            "items": [
                1888859022, 
                "\u5546\u4e1a\u5316-\u529f\u6cd5"
            ]
        }, 
        {
            "__tuple__": true, 
            "items": [
                1017902788, 
                "\u5546\u4e1a\u5316-\u62bd\u5956"
            ]
        }, 
        {
            "__tuple__": true, 
            "items": [
                1222307470, 
                "\u5546\u4e1a\u5316-\u901a\u884c\u8bc1"
            ]
        }, 
        {
            "__tuple__": true, 
            "items": [
                1750586061, 
                "\u5546\u4e1a\u5316-\u5339\u914d\u65b9\u5f0f"
            ]
        }, 
        {
            "__tuple__": true, 
            "items": [
                1612354119, 
                "\u5546\u4e1a\u5316-\u6392\u884c\u699c"
            ]
        }, 
        {
            "__tuple__": true, 
            "items": [
                1031744835, 
                "\u5546\u4e1a\u5316-\u884c\u56ca"
            ]
        }, 
        {
            "__tuple__": true, 
            "items": [
                1537870650, 
                "\u521d\u59cb\u5316\u7535\u8111\u5bf9\u624b_import"
            ]
        }, 
        {
            "__tuple__": true, 
            "items": [
                1927214510, 
                "\u8d5b\u5b63\u4fe1\u606f"
            ]
        }
    ]
}