{
    "1024": {
        "10002": [
            10002, 
            "\u73a9\u5bb63", 
            -304942678016, 
            0, 
            794568949760, 
            true
        ], 
        "10003": [
            10003, 
            "\u73a9\u5bb64", 
            304942678016, 
            0, 
            794568949760, 
            true
        ], 
        "10004": [
            10004, 
            "\u73a9\u5bb65", 
            837518622720, 
            0, 
            304942678016, 
            true
        ], 
        "10005": [
            10005, 
            "\u73a9\u5bb66", 
            794568949760, 
            0, 
            -304942678016, 
            true
        ], 
        "10006": [
            10006, 
            "\u73a9\u5bb67", 
            304942678016, 
            0, 
            -794568949760, 
            true
        ], 
        "10007": [
            10007, 
            "\u73a9\u5bb68", 
            -304942678016, 
            0, 
            -794568949760, 
            true
        ], 
        "10008": [
            10008, 
            "\u80dc\u5229\u70b91", 
            154618822656, 
            0, 
            240518168576, 
            true
        ], 
        "10009": [
            10009, 
            "\u80dc\u5229\u70b92", 
            154618822656, 
            0, 
            266287972352, 
            true
        ], 
        "10010": [
            10010, 
            "\u80dc\u5229\u70b93", 
            180388626432, 
            0, 
            292057776128, 
            true
        ], 
        "10012": [
            10012, 
            "\u80dc\u5229\u70b94", 
            206158430208, 
            0, 
            292057776128, 
            true
        ], 
        "10013": [
            10013, 
            "\u80dc\u5229\u70b95", 
            231928233984, 
            0, 
            266287972352, 
            true
        ], 
        "10014": [
            10014, 
            "\u80dc\u5229\u70b96", 
            231928233984, 
            0, 
            240518168576, 
            true
        ], 
        "10015": [
            10015, 
            "\u80dc\u5229\u70b97", 
            206158430208, 
            0, 
            214748364800, 
            true
        ], 
        "10016": [
            10016, 
            "\u80dc\u5229\u70b98", 
            180388626432, 
            0, 
            214748364800, 
            true
        ], 
        "10180": [
            10180, 
            "\u9020\u5175\u70b91", 
            -450971566080, 
            987840512, 
            -408021893120, 
            true
        ], 
        "10181": [
            10181, 
            "\u9020\u5175\u70b98", 
            -408021893120, 
            2877628416, 
            -450971566080, 
            true
        ], 
        "10182": [
            10182, 
            "\u9020\u5175\u70b93", 
            -408021893120, 
            0, 
            450971566080, 
            true
        ], 
        "10183": [
            10183, 
            "\u9020\u5175\u70b92", 
            -450971566080, 
            0, 
            408021893120, 
            true
        ], 
        "10185": [
            10185, 
            "\u9020\u5175\u70b94", 
            408021893120, 
            0, 
            450971566080, 
            true
        ], 
        "10186": [
            10186, 
            "\u9020\u5175\u70b95", 
            450971566080, 
            0, 
            408021893120, 
            true
        ], 
        "10187": [
            10187, 
            "\u9020\u5175\u70b97", 
            408021893120, 
            0, 
            -450971566080, 
            true
        ], 
        "10188": [
            10188, 
            "\u9020\u5175\u70b96", 
            450971566080, 
            0, 
            -408021893120, 
            true
        ], 
        "10189": [
            10189, 
            "\u51fa\u5175\u70b91", 
            -515396075520, 
            0, 
            -343597383680, 
            true
        ], 
        "10190": [
            10190, 
            "\u73a9\u5bb62", 
            -794568949760, 
            0, 
            304942678016, 
            true
        ], 
        "10191": [
            10191, 
            "\u73a9\u5bb61", 
            -794568949760, 
            0, 
            -304942678016, 
            true
        ], 
        "10202": [
            10202, 
            "\u51fa\u5175\u70b98", 
            -343597383680, 
            0, 
            -515396075520, 
            true
        ], 
        "10203": [
            10203, 
            "\u51fa\u5175\u70b92", 
            -515396075520, 
            0, 
            343597383680, 
            true
        ], 
        "10204": [
            10204, 
            "\u51fa\u5175\u70b93", 
            -343597383680, 
            0, 
            515396075520, 
            true
        ], 
        "10205": [
            10205, 
            "\u51fa\u5175\u70b94", 
            343597383680, 
            0, 
            515396075520, 
            true
        ], 
        "10206": [
            10206, 
            "\u51fa\u5175\u70b95", 
            515396075520, 
            0, 
            343597383680, 
            true
        ], 
        "10207": [
            10207, 
            "\u51fa\u5175\u70b96", 
            515396075520, 
            0, 
            -343597383680, 
            true
        ], 
        "10208": [
            10208, 
            "\u51fa\u5175\u70b97", 
            343597383680, 
            0, 
            -515396075520, 
            true
        ]
    }, 
    "2048": {
        "10028": [
            10028, 
            "\u9650\u5236\u533a\u57df3", 
            -554014015488, 
            -193601536, 
            897987248128, 
            485796536320, 
            -159187730432, 
            0, 
            null, 
            null
        ], 
        "10030": [
            10030, 
            "\u9650\u5236\u533a\u57df4", 
            75763888128, 
            -160421888, 
            895594201088, 
            485366026240, 
            -158585978880, 
            0, 
            null, 
            null
        ], 
        "10039": [
            10039, 
            "\u9650\u5236\u533a\u57df5", 
            754975899648, 
            -52312064, 
            551442972672, 
            157923213312, 
            -483092946944, 
            0, 
            null, 
            null
        ], 
        "10041": [
            10041, 
            "\u9650\u5236\u533a\u57df6", 
            755339755520, 
            -23439360, 
            -73652879360, 
            158183456768, 
            -484704403456, 
            0, 
            null, 
            null
        ], 
        "10043": [
            10043, 
            "\u9650\u5236\u533a\u57df7", 
            70421741568, 
            -50313216, 
            -727263870976, 
            484383047680, 
            -158052319232, 
            0, 
            null, 
            null
        ], 
        "10044": [
            10044, 
            "\u9650\u5236\u533a\u57df8", 
            -550904463360, 
            -101808128, 
            -727406149632, 
            484609376256, 
            -158621106176, 
            0, 
            null, 
            null
        ], 
        "10195": [
            10195, 
            "\u9650\u5236\u533a\u57df2", 
            -877801242624, 
            -65114112, 
            552599945216, 
            159692488704, 
            -481677271040, 
            0, 
            null, 
            null
        ], 
        "10201": [
            10201, 
            "\u9650\u5236\u533a\u57df1", 
            -878781595648, 
            -1910538240, 
            -64930373632, 
            160896450560, 
            -481569185792, 
            0, 
            null, 
            null
        ]
    }, 
    "4096": {}, 
    "8192": {}, 
    "32768": {
        "9999": {
            "camera_dist": 61.999980000654816, 
            "far": 1000.0, 
            "focus_max_dist": 400.0, 
            "focus_min_dist": 10.0, 
            "focus_x": 45.59999084472656, 
            "focus_y": 0.0, 
            "focus_z": 64.65292358398438, 
            "fov": 35.0, 
            "fov_disabled": true, 
            "id": 9999, 
            "is_origin_cam": true, 
            "is_ortho": false, 
            "name": "\u521d\u59cb\u955c\u5934", 
            "pitch": 0.9773843118393513, 
            "roll": 0.0, 
            "set_camera_conf_realtime": null, 
            "type": 32768, 
            "yaw": 6.283185307179586
        }
    }, 
    "65536": {}, 
    "131072": {}, 
    "262144": {}, 
    "1048576": {}, 
    "2097152": {}, 
    "4194304": {}
}