{
    "-2147101469": {
        "editor_type": "ability_all", 
        "index_type": "object_editor", 
        "item_key": 134236446, 
        "prop_key": "desc"
    }, 
    "-2136043762": {
        "editor_type": "ability_all", 
        "index_type": "object_editor", 
        "item_key": 134275776, 
        "prop_key": "desc"
    }, 
    "-2133106488": {
        "editor_type": "ability_all", 
        "index_type": "object_editor", 
        "item_key": 134228063, 
        "prop_key": "name"
    }, 
    "-2125169578": {
        "editor_type": "ability_all", 
        "index_type": "object_editor", 
        "item_key": 134242608, 
        "prop_key": "desc"
    }, 
    "-2079840266": {
        "editor_type": "ability_all", 
        "index_type": "object_editor", 
        "item_key": 134232101, 
        "prop_key": "name"
    }, 
    "-2065042825": {
        "editor_type": "ability_all", 
        "index_type": "object_editor", 
        "item_key": 134281289, 
        "prop_key": "name"
    }, 
    "-2056541862": {
        "editor_type": "ability_all", 
        "index_type": "object_editor", 
        "item_key": 134243949, 
        "prop_key": "desc"
    }, 
    "-2048490408": {
        "editor_type": "ability_all", 
        "index_type": "object_editor", 
        "item_key": 134277303, 
        "prop_key": "desc"
    }, 
    "-2041006387": {
        "editor_type": "ability_all", 
        "index_type": "object_editor", 
        "item_key": 134234942, 
        "prop_key": "desc"
    }, 
    "-2019587329": {
        "editor_type": "ability_all", 
        "index_type": "object_editor", 
        "item_key": 134248903, 
        "prop_key": "desc"
    }, 
    "-2019444296": {
        "editor_type": "ability_all", 
        "index_type": "object_editor", 
        "item_key": 134272207, 
        "prop_key": "name"
    }, 
    "-2001809223": {
        "editor_type": "editor_decoration", 
        "index_type": "object_editor", 
        "item_key": 134280162, 
        "prop_key": "name"
    }, 
    "-1996287244": {
        "editor_type": "ability_all", 
        "index_type": "object_editor", 
        "item_key": 134239147, 
        "prop_key": "name"
    }, 
    "-1971359562": {
        "editor_type": "ability_all", 
        "index_type": "object_editor", 
        "item_key": 134225422, 
        "prop_key": "desc"
    }, 
    "-1952482353": {
        "editor_type": "editor_unit", 
        "index_type": "object_editor", 
        "item_key": 134273701, 
        "prop_key": "desc"
    }, 
    "-1949933354": {
        "editor_type": "ability_all", 
        "index_type": "object_editor", 
        "item_key": 134228754, 
        "prop_key": "desc"
    }, 
    "-1938070073": {
        "editor_type": "sound_all", 
        "index_type": "object_editor", 
        "item_key": 134262163, 
        "prop_key": "name"
    }, 
    "-1916692080": {
        "editor_type": "ability_all", 
        "index_type": "object_editor", 
        "item_key": 134230312, 
        "prop_key": "desc"
    }, 
    "-1915736178": {
        "editor_type": "editor_unit", 
        "index_type": "object_editor", 
        "item_key": 134219297, 
        "prop_key": "name"
    }, 
    "-1902599779": {
        "editor_type": "ability_all", 
        "index_type": "object_editor", 
        "item_key": 134260905, 
        "prop_key": "desc"
    }, 
    "-1868171974": {
        "editor_type": "ability_all", 
        "index_type": "object_editor", 
        "item_key": 134220584, 
        "prop_key": "name"
    }, 
    "-1858298872": {
        "editor_type": "ability_all", 
        "index_type": "object_editor", 
        "item_key": 134262236, 
        "prop_key": "desc"
    }, 
    "-1822305716": {
        "editor_type": "editor_unit", 
        "index_type": "object_editor", 
        "item_key": 134271846, 
        "prop_key": "name"
    }, 
    "-1818100377": {
        "editor_type": "ability_all", 
        "index_type": "object_editor", 
        "item_key": 134248276, 
        "prop_key": "name"
    }, 
    "-1815131898": {
        "editor_type": "ability_all", 
        "index_type": "object_editor", 
        "item_key": 134263523, 
        "prop_key": "desc"
    }, 
    "-1812298747": {
        "editor_type": "ability_all", 
        "index_type": "object_editor", 
        "item_key": 134246700, 
        "prop_key": "desc"
    }, 
    "-1806955379": {
        "editor_type": "ability_all", 
        "index_type": "object_editor", 
        "item_key": 134260054, 
        "prop_key": "desc"
    }, 
    "-1794171957": {
        "editor_type": "editor_unit", 
        "index_type": "object_editor", 
        "item_key": 134235388, 
        "prop_key": "desc"
    }, 
    "-1790052053": {
        "editor_type": "ability_all", 
        "index_type": "object_editor", 
        "item_key": 134249353, 
        "prop_key": "name"
    }, 
    "-1783399015": {
        "editor_type": "editor_unit", 
        "index_type": "object_editor", 
        "item_key": 134273704, 
        "prop_key": "desc"
    }, 
    "-1781572301": {
        "editor_type": "ability_all", 
        "index_type": "object_editor", 
        "item_key": 134240568, 
        "prop_key": "name"
    }, 
    "-1766501614": {
        "editor_type": "ability_all", 
        "index_type": "object_editor", 
        "item_key": 134232101, 
        "prop_key": "desc"
    }, 
    "-1755834399": {
        "editor_type": "ability_all", 
        "index_type": "object_editor", 
        "item_key": 134229491, 
        "prop_key": "desc"
    }, 
    "-1753940534": {
        "editor_type": "ability_all", 
        "index_type": "object_editor", 
        "item_key": 134244658, 
        "prop_key": "desc"
    }, 
    "-1741605300": {
        "editor_type": "ability_all", 
        "index_type": "object_editor", 
        "item_key": 134234084, 
        "prop_key": "desc"
    }, 
    "-1680251377": {
        "editor_type": "ability_all", 
        "index_type": "object_editor", 
        "item_key": 134256433, 
        "prop_key": "name"
    }, 
    "-1671415642": {
        "editor_type": "ability_all", 
        "index_type": "object_editor", 
        "item_key": 134283087, 
        "prop_key": "name"
    }, 
    "-1668303679": {
        "editor_type": "editor_unit", 
        "index_type": "object_editor", 
        "item_key": 134283228, 
        "prop_key": "desc"
    }, 
    "-1666983743": {
        "editor_type": "ability_all", 
        "index_type": "object_editor", 
        "item_key": 134231949, 
        "prop_key": "desc"
    }, 
    "-1666655114": {
        "editor_type": "ability_all", 
        "index_type": "object_editor", 
        "item_key": 134226673, 
        "prop_key": "desc"
    }, 
    "-1659203282": {
        "editor_type": "editor_unit", 
        "index_type": "object_editor", 
        "item_key": 134248721, 
        "prop_key": "desc"
    }, 
    "-1640450093": {
        "editor_type": "ability_all", 
        "index_type": "object_editor", 
        "item_key": 134253227, 
        "prop_key": "desc"
    }, 
    "-1635963252": {
        "editor_type": "sound_all", 
        "index_type": "object_editor", 
        "item_key": 134241734, 
        "prop_key": "name"
    }, 
    "-1613340245": {
        "editor_type": "ability_all", 
        "index_type": "object_editor", 
        "item_key": 134223725, 
        "prop_key": "desc"
    }, 
    "-1600541742": {
        "editor_type": "ability_all", 
        "index_type": "object_editor", 
        "item_key": 134263216, 
        "prop_key": "desc"
    }, 
    "-1586763503": {
        "editor_type": "ability_all", 
        "index_type": "object_editor", 
        "item_key": 134279384, 
        "prop_key": "desc"
    }, 
    "-1557388395": {
        "editor_type": "ability_all", 
        "index_type": "object_editor", 
        "item_key": 134263468, 
        "prop_key": "desc"
    }, 
    "-1552458262": {
        "editor_type": "ability_all", 
        "index_type": "object_editor", 
        "item_key": 134255770, 
        "prop_key": "desc"
    }, 
    "-1549687408": {
        "editor_type": "ability_all", 
        "index_type": "object_editor", 
        "item_key": 134221913, 
        "prop_key": "name"
    }, 
    "-1548488668": {
        "editor_type": "editor_unit", 
        "index_type": "object_editor", 
        "item_key": 134233326, 
        "prop_key": "name"
    }, 
    "-1538556637": {
        "editor_type": "ability_all", 
        "index_type": "object_editor", 
        "item_key": 134234953, 
        "prop_key": "name"
    }, 
    "-1484401681": {
        "editor_type": "ability_all", 
        "index_type": "object_editor", 
        "item_key": 134271602, 
        "prop_key": "desc"
    }, 
    "-1478610209": {
        "editor_type": "ability_all", 
        "index_type": "object_editor", 
        "item_key": 134271104, 
        "prop_key": "desc"
    }, 
    "-1462054404": {
        "editor_type": "editor_unit", 
        "index_type": "object_editor", 
        "item_key": 134241933, 
        "prop_key": "name"
    }, 
    "-1453665653": {
        "editor_type": "ability_all", 
        "index_type": "object_editor", 
        "item_key": 134279502, 
        "prop_key": "desc"
    }, 
    "-1438292957": {
        "editor_type": "ability_all", 
        "index_type": "object_editor", 
        "item_key": 134222658, 
        "prop_key": "desc"
    }, 
    "-1436143482": {
        "editor_type": "ability_all", 
        "index_type": "object_editor", 
        "item_key": 134281289, 
        "prop_key": "desc"
    }, 
    "-1431148420": {
        "editor_type": "ability_all", 
        "index_type": "object_editor", 
        "item_key": 134254720, 
        "prop_key": "desc"
    }, 
    "-1429785138": {
        "editor_type": "ability_all", 
        "index_type": "object_editor", 
        "item_key": 134273843, 
        "prop_key": "name"
    }, 
    "-1409972358": {
        "editor_type": "ability_all", 
        "index_type": "object_editor", 
        "item_key": 134272524, 
        "prop_key": "desc"
    }, 
    "-1394920098": {
        "editor_type": "ability_all", 
        "index_type": "object_editor", 
        "item_key": 134264467, 
        "prop_key": "desc"
    }, 
    "-1377298957": {
        "editor_type": "ability_all", 
        "index_type": "object_editor", 
        "item_key": 134248947, 
        "prop_key": "desc"
    }, 
    "-1371800673": {
        "editor_type": "editor_unit", 
        "index_type": "object_editor", 
        "item_key": 134268689, 
        "prop_key": "desc"
    }, 
    "-1357835480": {
        "editor_type": "sound_all", 
        "index_type": "object_editor", 
        "item_key": 134282852, 
        "prop_key": "name"
    }, 
    "-1351767939": {
        "editor_type": "editor_unit", 
        "index_type": "object_editor", 
        "item_key": 134272566, 
        "prop_key": "desc"
    }, 
    "-1347719135": {
        "editor_type": "ability_all", 
        "index_type": "object_editor", 
        "item_key": 134272207, 
        "prop_key": "desc"
    }, 
    "-1324500077": {
        "editor_type": "ability_all", 
        "index_type": "object_editor", 
        "item_key": 134227617, 
        "prop_key": "name"
    }, 
    "-1317982001": {
        "editor_type": "ability_all", 
        "index_type": "object_editor", 
        "item_key": 134266571, 
        "prop_key": "desc"
    }, 
    "-1306995829": {
        "editor_type": "ability_all", 
        "index_type": "object_editor", 
        "item_key": 134242608, 
        "prop_key": "name"
    }, 
    "-1298201710": {
        "editor_type": "ability_all", 
        "index_type": "object_editor", 
        "item_key": 134266727, 
        "prop_key": "desc"
    }, 
    "-1283916569": {
        "editor_type": "ability_all", 
        "index_type": "object_editor", 
        "item_key": 134222658, 
        "prop_key": "name"
    }, 
    "-1273472790": {
        "editor_type": "ability_all", 
        "index_type": "object_editor", 
        "item_key": 134271403, 
        "prop_key": "name"
    }, 
    "-1270984241": {
        "editor_type": "ability_all", 
        "index_type": "object_editor", 
        "item_key": 134229885, 
        "prop_key": "desc"
    }, 
    "-1243993573": {
        "editor_type": "ability_all", 
        "index_type": "object_editor", 
        "item_key": 134248102, 
        "prop_key": "name"
    }, 
    "-1227092603": {
        "editor_type": "sound_all", 
        "index_type": "object_editor", 
        "item_key": 134258688, 
        "prop_key": "name"
    }, 
    "-1215169574": {
        "editor_type": "ability_all", 
        "index_type": "object_editor", 
        "item_key": 134278504, 
        "prop_key": "name"
    }, 
    "-1209663725": {
        "editor_type": "ability_all", 
        "index_type": "object_editor", 
        "item_key": 134263468, 
        "prop_key": "name"
    }, 
    "-1208780414": {
        "editor_type": "ability_all", 
        "index_type": "object_editor", 
        "item_key": 134237517, 
        "prop_key": "name"
    }, 
    "-1183307621": {
        "editor_type": "ability_all", 
        "index_type": "object_editor", 
        "item_key": 134233095, 
        "prop_key": "desc"
    }, 
    "-1170236709": {
        "editor_type": "ability_all", 
        "index_type": "object_editor", 
        "item_key": 134226899, 
        "prop_key": "desc"
    }, 
    "-1155838424": {
        "editor_type": "ability_all", 
        "index_type": "object_editor", 
        "item_key": 134248116, 
        "prop_key": "name"
    }, 
    "-1153986263": {
        "editor_type": "ability_all", 
        "index_type": "object_editor", 
        "item_key": 134244658, 
        "prop_key": "name"
    }, 
    "-1147495425": {
        "editor_type": "modifier_all", 
        "index_type": "object_editor", 
        "item_key": 134254079, 
        "prop_key": "desc"
    }, 
    "-1127774029": {
        "editor_type": "ability_all", 
        "index_type": "object_editor", 
        "item_key": 134264787, 
        "prop_key": "name"
    }, 
    "-1121691488": {
        "editor_type": "ability_all", 
        "index_type": "object_editor", 
        "item_key": 134256456, 
        "prop_key": "name"
    }, 
    "-1082059884": {
        "editor_type": "ability_all", 
        "index_type": "object_editor", 
        "item_key": 134260009, 
        "prop_key": "name"
    }, 
    "-1072690719": {
        "editor_type": "sound_all", 
        "index_type": "object_editor", 
        "item_key": 134221177, 
        "prop_key": "name"
    }, 
    "-1057505078": {
        "editor_type": "ability_all", 
        "index_type": "object_editor", 
        "item_key": 134233095, 
        "prop_key": "name"
    }, 
    "-1039781805": {
        "editor_type": "ability_all", 
        "index_type": "object_editor", 
        "item_key": 134227262, 
        "prop_key": "desc"
    }, 
    "-1026564546": {
        "editor_type": "ability_all", 
        "index_type": "object_editor", 
        "item_key": 134268948, 
        "prop_key": "desc"
    }, 
    "-1010667992": {
        "editor_type": "ability_all", 
        "index_type": "object_editor", 
        "item_key": 134234713, 
        "prop_key": "desc"
    }, 
    "-1010596226": {
        "editor_type": "ability_all", 
        "index_type": "object_editor", 
        "item_key": 134234084, 
        "prop_key": "name"
    }, 
    "-1006831227": {
        "editor_type": "ability_all", 
        "index_type": "object_editor", 
        "item_key": 134242315, 
        "prop_key": "name"
    }, 
    "-994012773": {
        "editor_type": "ability_all", 
        "index_type": "object_editor", 
        "item_key": 134271470, 
        "prop_key": "desc"
    }, 
    "-985609335": {
        "editor_type": "ability_all", 
        "index_type": "object_editor", 
        "item_key": 134271811, 
        "prop_key": "desc"
    }, 
    "-963779754": {
        "editor_type": "sound_all", 
        "index_type": "object_editor", 
        "item_key": 134254895, 
        "prop_key": "name"
    }, 
    "-954049414": {
        "editor_type": "ability_all", 
        "index_type": "object_editor", 
        "item_key": 134225381, 
        "prop_key": "name"
    }, 
    "-947980526": {
        "editor_type": "ability_all", 
        "index_type": "object_editor", 
        "item_key": 134237517, 
        "prop_key": "desc"
    }, 
    "-929830592": {
        "editor_type": "ability_all", 
        "index_type": "object_editor", 
        "item_key": 134275641, 
        "prop_key": "desc"
    }, 
    "-923279119": {
        "editor_type": "editor_unit", 
        "index_type": "object_editor", 
        "item_key": 134254079, 
        "prop_key": "name"
    }, 
    "-914610842": {
        "editor_type": "ability_all", 
        "index_type": "object_editor", 
        "item_key": 134227882, 
        "prop_key": "name"
    }, 
    "-902477825": {
        "editor_type": "ability_all", 
        "index_type": "object_editor", 
        "item_key": 134227262, 
        "prop_key": "name"
    }, 
    "-898064321": {
        "editor_type": "ability_all", 
        "index_type": "object_editor", 
        "item_key": 134272396, 
        "prop_key": "desc"
    }, 
    "-888760198": {
        "editor_type": "ability_all", 
        "index_type": "object_editor", 
        "item_key": 134227562, 
        "prop_key": "desc"
    }, 
    "-881238946": {
        "editor_type": "editor_unit", 
        "index_type": "object_editor", 
        "item_key": 134222242, 
        "prop_key": "desc"
    }, 
    "-865705471": {
        "editor_type": "ability_all", 
        "index_type": "object_editor", 
        "item_key": 134231846, 
        "prop_key": "name"
    }, 
    "-861253578": {
        "editor_type": "editor_unit", 
        "index_type": "object_editor", 
        "item_key": 134271191, 
        "prop_key": "desc"
    }, 
    "-837489182": {
        "editor_type": "modifier_all", 
        "index_type": "object_editor", 
        "item_key": 134267643, 
        "prop_key": "desc"
    }, 
    "-826962183": {
        "editor_type": "sound_all", 
        "index_type": "object_editor", 
        "item_key": 134260922, 
        "prop_key": "name"
    }, 
    "-808818083": {
        "editor_type": "editor_unit", 
        "index_type": "object_editor", 
        "item_key": 134283228, 
        "prop_key": "name"
    }, 
    "-805816702": {
        "editor_type": "ability_all", 
        "index_type": "object_editor", 
        "item_key": 134241255, 
        "prop_key": "desc"
    }, 
    "-787637857": {
        "editor_type": "ability_all", 
        "index_type": "object_editor", 
        "item_key": 134261333, 
        "prop_key": "name"
    }, 
    "-787088362": {
        "editor_type": "ability_all", 
        "index_type": "object_editor", 
        "item_key": 134275080, 
        "prop_key": "desc"
    }, 
    "-781825664": {
        "editor_type": "ability_all", 
        "index_type": "object_editor", 
        "item_key": 134255957, 
        "prop_key": "desc"
    }, 
    "-772947210": {
        "editor_type": "ability_all", 
        "index_type": "object_editor", 
        "item_key": 134231439, 
        "prop_key": "desc"
    }, 
    "-746742315": {
        "editor_type": "ability_all", 
        "index_type": "object_editor", 
        "item_key": 134240500, 
        "prop_key": "desc"
    }, 
    "-720052145": {
        "editor_type": "ability_all", 
        "index_type": "object_editor", 
        "item_key": 134272396, 
        "prop_key": "name"
    }, 
    "-717538799": {
        "editor_type": "ability_all", 
        "index_type": "object_editor", 
        "item_key": 134226304, 
        "prop_key": "name"
    }, 
    "-678896211": {
        "editor_type": "ability_all", 
        "index_type": "object_editor", 
        "item_key": 134241369, 
        "prop_key": "name"
    }, 
    "-667945109": {
        "editor_type": "ability_all", 
        "index_type": "object_editor", 
        "item_key": 134270882, 
        "prop_key": "name"
    }, 
    "-660144879": {
        "editor_type": "ability_all", 
        "index_type": "object_editor", 
        "item_key": 134230481, 
        "prop_key": "name"
    }, 
    "-648620917": {
        "editor_type": "editor_unit", 
        "index_type": "object_editor", 
        "item_key": 134226935, 
        "prop_key": "name"
    }, 
    "-639667341": {
        "editor_type": "sound_all", 
        "index_type": "object_editor", 
        "item_key": 134278262, 
        "prop_key": "name"
    }, 
    "-631775644": {
        "editor_type": "ability_all", 
        "index_type": "object_editor", 
        "item_key": 134234942, 
        "prop_key": "name"
    }, 
    "-629056645": {
        "editor_type": "ability_all", 
        "index_type": "object_editor", 
        "item_key": 134268775, 
        "prop_key": "desc"
    }, 
    "-621965205": {
        "editor_type": "ability_all", 
        "index_type": "object_editor", 
        "item_key": 134277230, 
        "prop_key": "desc"
    }, 
    "-604750510": {
        "editor_type": "modifier_all", 
        "index_type": "object_editor", 
        "item_key": 134237904, 
        "prop_key": "desc"
    }, 
    "-603861782": {
        "editor_type": "ability_all", 
        "index_type": "object_editor", 
        "item_key": 134234076, 
        "prop_key": "desc"
    }, 
    "-599745774": {
        "editor_type": "editor_unit", 
        "index_type": "object_editor", 
        "item_key": 134254079, 
        "prop_key": "desc"
    }, 
    "-584932413": {
        "editor_type": "ability_all", 
        "index_type": "object_editor", 
        "item_key": 134226455, 
        "prop_key": "desc"
    }, 
    "-570031851": {
        "editor_type": "sound_all", 
        "index_type": "object_editor", 
        "item_key": 134269488, 
        "prop_key": "name"
    }, 
    "-564430617": {
        "editor_type": "sound_all", 
        "index_type": "object_editor", 
        "item_key": 134224205, 
        "prop_key": "name"
    }, 
    "-563548304": {
        "editor_type": "ability_all", 
        "index_type": "object_editor", 
        "item_key": 134222105, 
        "prop_key": "desc"
    }, 
    "-549762573": {
        "editor_type": "ability_all", 
        "index_type": "object_editor", 
        "item_key": 134259443, 
        "prop_key": "name"
    }, 
    "-537651464": {
        "editor_type": "ability_all", 
        "index_type": "object_editor", 
        "item_key": 134223725, 
        "prop_key": "name"
    }, 
    "-515376210": {
        "editor_type": "ability_all", 
        "index_type": "object_editor", 
        "item_key": 134246544, 
        "prop_key": "desc"
    }, 
    "-511922857": {
        "editor_type": "editor_unit", 
        "index_type": "object_editor", 
        "item_key": 134272566, 
        "prop_key": "name"
    }, 
    "-504140715": {
        "editor_type": "editor_unit", 
        "index_type": "object_editor", 
        "item_key": 134234582, 
        "prop_key": "desc"
    }, 
    "-491639019": {
        "editor_type": "ability_all", 
        "index_type": "object_editor", 
        "item_key": 134265397, 
        "prop_key": "desc"
    }, 
    "-473843434": {
        "editor_type": "ability_all", 
        "index_type": "object_editor", 
        "item_key": 134226455, 
        "prop_key": "name"
    }, 
    "-472427238": {
        "editor_type": "ability_all", 
        "index_type": "object_editor", 
        "item_key": 134266396, 
        "prop_key": "name"
    }, 
    "-446707313": {
        "editor_type": "editor_unit", 
        "index_type": "object_editor", 
        "item_key": 134265779, 
        "prop_key": "desc"
    }, 
    "-445829725": {
        "editor_type": "ability_all", 
        "index_type": "object_editor", 
        "item_key": 134230312, 
        "prop_key": "name"
    }, 
    "-427483551": {
        "editor_type": "ability_all", 
        "index_type": "object_editor", 
        "item_key": 134278504, 
        "prop_key": "desc"
    }, 
    "-400146267": {
        "editor_type": "ability_all", 
        "index_type": "object_editor", 
        "item_key": 134271779, 
        "prop_key": "desc"
    }, 
    "-388944565": {
        "editor_type": "sound_all", 
        "index_type": "object_editor", 
        "item_key": 134260663, 
        "prop_key": "name"
    }, 
    "-350360563": {
        "editor_type": "ability_all", 
        "index_type": "object_editor", 
        "item_key": 134273659, 
        "prop_key": "desc"
    }, 
    "-338676608": {
        "editor_type": "ability_all", 
        "index_type": "object_editor", 
        "item_key": 134229799, 
        "prop_key": "desc"
    }, 
    "-325565651": {
        "editor_type": "ability_all", 
        "index_type": "object_editor", 
        "item_key": 134262236, 
        "prop_key": "name"
    }, 
    "-304180382": {
        "editor_type": "ability_all", 
        "index_type": "object_editor", 
        "item_key": 134260609, 
        "prop_key": "desc"
    }, 
    "-296150608": {
        "editor_type": "ability_all", 
        "index_type": "object_editor", 
        "item_key": 134229491, 
        "prop_key": "name"
    }, 
    "-282148739": {
        "editor_type": "ability_all", 
        "index_type": "object_editor", 
        "item_key": 134272413, 
        "prop_key": "name"
    }, 
    "-261909748": {
        "editor_type": "editor_unit", 
        "index_type": "object_editor", 
        "item_key": 134271846, 
        "prop_key": "desc"
    }, 
    "-261511876": {
        "editor_type": "ability_all", 
        "index_type": "object_editor", 
        "item_key": 134269756, 
        "prop_key": "name"
    }, 
    "-239028238": {
        "editor_type": "ability_all", 
        "index_type": "object_editor", 
        "item_key": 134222540, 
        "prop_key": "desc"
    }, 
    "-232430232": {
        "editor_type": "ability_all", 
        "index_type": "object_editor", 
        "item_key": 134227882, 
        "prop_key": "desc"
    }, 
    "-232363787": {
        "editor_type": "ability_all", 
        "index_type": "object_editor", 
        "item_key": 134270415, 
        "prop_key": "name"
    }, 
    "-220703189": {
        "editor_type": "ability_all", 
        "index_type": "object_editor", 
        "item_key": 134250565, 
        "prop_key": "name"
    }, 
    "-184680990": {
        "editor_type": "ability_all", 
        "index_type": "object_editor", 
        "item_key": 134271470, 
        "prop_key": "name"
    }, 
    "-182341227": {
        "editor_type": "ability_all", 
        "index_type": "object_editor", 
        "item_key": 134220584, 
        "prop_key": "desc"
    }, 
    "-145841812": {
        "editor_type": "sound_all", 
        "index_type": "object_editor", 
        "item_key": 134239231, 
        "prop_key": "name"
    }, 
    "-142847305": {
        "editor_type": "ability_all", 
        "index_type": "object_editor", 
        "item_key": 134273835, 
        "prop_key": "name"
    }, 
    "-142822277": {
        "editor_type": "ability_all", 
        "index_type": "object_editor", 
        "item_key": 134279108, 
        "prop_key": "desc"
    }, 
    "-139157905": {
        "editor_type": "ability_all", 
        "index_type": "object_editor", 
        "item_key": 134255816, 
        "prop_key": "desc"
    }, 
    "-136990245": {
        "editor_type": "ability_all", 
        "index_type": "object_editor", 
        "item_key": 134228754, 
        "prop_key": "name"
    }, 
    "-124586777": {
        "editor_type": "ability_all", 
        "index_type": "object_editor", 
        "item_key": 134236908, 
        "prop_key": "desc"
    }, 
    "-108089775": {
        "editor_type": "ability_all", 
        "index_type": "object_editor", 
        "item_key": 134223700, 
        "prop_key": "desc"
    }, 
    "-78056303": {
        "editor_type": "ability_all", 
        "index_type": "object_editor", 
        "item_key": 134238259, 
        "prop_key": "desc"
    }, 
    "-74303157": {
        "editor_type": "ability_all", 
        "index_type": "object_editor", 
        "item_key": 134243949, 
        "prop_key": "name"
    }, 
    "-56383976": {
        "editor_type": "ability_all", 
        "index_type": "object_editor", 
        "item_key": 134254911, 
        "prop_key": "desc"
    }, 
    "-27184323": {
        "editor_type": "editor_unit", 
        "index_type": "object_editor", 
        "item_key": 134268327, 
        "prop_key": "desc"
    }, 
    "-2103622": {
        "editor_type": "ability_all", 
        "index_type": "object_editor", 
        "item_key": 134282160, 
        "prop_key": "name"
    }, 
    "15363941": {
        "editor_type": "ability_all", 
        "index_type": "object_editor", 
        "item_key": 134255816, 
        "prop_key": "name"
    }, 
    "33476505": {
        "editor_type": "ability_all", 
        "index_type": "object_editor", 
        "item_key": 134266472, 
        "prop_key": "desc"
    }, 
    "52525717": {
        "editor_type": "ability_all", 
        "index_type": "object_editor", 
        "item_key": 134270551, 
        "prop_key": "desc"
    }, 
    "55252180": {
        "editor_type": "ability_all", 
        "index_type": "object_editor", 
        "item_key": 134246361, 
        "prop_key": "desc"
    }, 
    "56718199": {
        "editor_type": "ability_all", 
        "index_type": "object_editor", 
        "item_key": 134264853, 
        "prop_key": "name"
    }, 
    "77985829": {
        "editor_type": "ability_all", 
        "index_type": "object_editor", 
        "item_key": 134254148, 
        "prop_key": "desc"
    }, 
    "115068453": {
        "editor_type": "ability_all", 
        "index_type": "object_editor", 
        "item_key": 134218087, 
        "prop_key": "desc"
    }, 
    "118990748": {
        "editor_type": "ability_all", 
        "index_type": "object_editor", 
        "item_key": 134240222, 
        "prop_key": "desc"
    }, 
    "134975566": {
        "editor_type": "ability_all", 
        "index_type": "object_editor", 
        "item_key": 134231949, 
        "prop_key": "name"
    }, 
    "147747769": {
        "editor_type": "ability_all", 
        "index_type": "object_editor", 
        "item_key": 134253013, 
        "prop_key": "desc"
    }, 
    "170005744": {
        "editor_type": "ability_all", 
        "index_type": "object_editor", 
        "item_key": 134239147, 
        "prop_key": "desc"
    }, 
    "171054326": {
        "editor_type": "sound_all", 
        "index_type": "object_editor", 
        "item_key": 134249426, 
        "prop_key": "name"
    }, 
    "172362332": {
        "editor_type": "ability_all", 
        "index_type": "object_editor", 
        "item_key": 134253654, 
        "prop_key": "name"
    }, 
    "177914092": {
        "editor_type": "ability_all", 
        "index_type": "object_editor", 
        "item_key": 134272524, 
        "prop_key": "name"
    }, 
    "204782038": {
        "editor_type": "ability_all", 
        "index_type": "object_editor", 
        "item_key": 134249661, 
        "prop_key": "name"
    }, 
    "215922605": {
        "editor_type": "ability_all", 
        "index_type": "object_editor", 
        "item_key": 134234781, 
        "prop_key": "desc"
    }, 
    "216477879": {
        "editor_type": "ability_all", 
        "index_type": "object_editor", 
        "item_key": 134273782, 
        "prop_key": "name"
    }, 
    "228540191": {
        "editor_type": "ability_all", 
        "index_type": "object_editor", 
        "item_key": 134270551, 
        "prop_key": "name"
    }, 
    "235239857": {
        "editor_type": "editor_unit", 
        "index_type": "object_editor", 
        "item_key": 134271892, 
        "prop_key": "name"
    }, 
    "247059901": {
        "editor_type": "ability_all", 
        "index_type": "object_editor", 
        "item_key": 134260308, 
        "prop_key": "desc"
    }, 
    "250985400": {
        "editor_type": "ability_all", 
        "index_type": "object_editor", 
        "item_key": 134218087, 
        "prop_key": "name"
    }, 
    "285744321": {
        "editor_type": "editor_unit", 
        "index_type": "object_editor", 
        "item_key": 134238626, 
        "prop_key": "desc"
    }, 
    "286062115": {
        "editor_type": "ability_all", 
        "index_type": "object_editor", 
        "item_key": 134218978, 
        "prop_key": "name"
    }, 
    "287525964": {
        "editor_type": "ability_all", 
        "index_type": "object_editor", 
        "item_key": 134282160, 
        "prop_key": "desc"
    }, 
    "301355051": {
        "editor_type": "ability_all", 
        "index_type": "object_editor", 
        "item_key": 134243149, 
        "prop_key": "desc"
    }, 
    "305958670": {
        "editor_type": "ability_all", 
        "index_type": "object_editor", 
        "item_key": 134260129, 
        "prop_key": "name"
    }, 
    "307246023": {
        "editor_type": "ability_all", 
        "index_type": "object_editor", 
        "item_key": 134229383, 
        "prop_key": "desc"
    }, 
    "313816087": {
        "editor_type": "ability_all", 
        "index_type": "object_editor", 
        "item_key": 134273835, 
        "prop_key": "desc"
    }, 
    "318812974": {
        "editor_type": "ability_all", 
        "index_type": "object_editor", 
        "item_key": 134244182, 
        "prop_key": "desc"
    }, 
    "320158146": {
        "editor_type": "ability_all", 
        "index_type": "object_editor", 
        "item_key": 134245039, 
        "prop_key": "desc"
    }, 
    "334147703": {
        "editor_type": "ability_all", 
        "index_type": "object_editor", 
        "item_key": 134263341, 
        "prop_key": "desc"
    }, 
    "336406261": {
        "editor_type": "ability_all", 
        "index_type": "object_editor", 
        "item_key": 134279502, 
        "prop_key": "name"
    }, 
    "352994007": {
        "editor_type": "ability_all", 
        "index_type": "object_editor", 
        "item_key": 134252640, 
        "prop_key": "name"
    }, 
    "364677622": {
        "editor_type": "ability_all", 
        "index_type": "object_editor", 
        "item_key": 134233826, 
        "prop_key": "desc"
    }, 
    "386675826": {
        "editor_type": "editor_decoration", 
        "index_type": "object_editor", 
        "item_key": 134262895, 
        "prop_key": "name"
    }, 
    "389236800": {
        "editor_type": "ability_all", 
        "index_type": "object_editor", 
        "item_key": 134266799, 
        "prop_key": "desc"
    }, 
    "396448280": {
        "editor_type": "ability_all", 
        "index_type": "object_editor", 
        "item_key": 134276786, 
        "prop_key": "name"
    }, 
    "397191627": {
        "editor_type": "ability_all", 
        "index_type": "object_editor", 
        "item_key": 134217919, 
        "prop_key": "desc"
    }, 
    "402790987": {
        "editor_type": "editor_unit", 
        "index_type": "object_editor", 
        "item_key": 134231748, 
        "prop_key": "desc"
    }, 
    "414444715": {
        "editor_type": "ability_all", 
        "index_type": "object_editor", 
        "item_key": 134240568, 
        "prop_key": "desc"
    }, 
    "439261948": {
        "editor_type": "ability_all", 
        "index_type": "object_editor", 
        "item_key": 134248116, 
        "prop_key": "desc"
    }, 
    "476817421": {
        "editor_type": "sound_all", 
        "index_type": "object_editor", 
        "item_key": 134272509, 
        "prop_key": "name"
    }, 
    "478597648": {
        "editor_type": "ability_all", 
        "index_type": "object_editor", 
        "item_key": 134273843, 
        "prop_key": "desc"
    }, 
    "484108533": {
        "editor_type": "ability_all", 
        "index_type": "object_editor", 
        "item_key": 134226899, 
        "prop_key": "name"
    }, 
    "500494737": {
        "editor_type": "ability_all", 
        "index_type": "object_editor", 
        "item_key": 134260129, 
        "prop_key": "desc"
    }, 
    "504618590": {
        "editor_type": "ability_all", 
        "index_type": "object_editor", 
        "item_key": 134248903, 
        "prop_key": "name"
    }, 
    "505342483": {
        "editor_type": "ability_all", 
        "index_type": "object_editor", 
        "item_key": 134240857, 
        "prop_key": "desc"
    }, 
    "518781556": {
        "editor_type": "sound_all", 
        "index_type": "object_editor", 
        "item_key": 134273591, 
        "prop_key": "name"
    }, 
    "520059177": {
        "editor_type": "ability_all", 
        "index_type": "object_editor", 
        "item_key": 134276400, 
        "prop_key": "desc"
    }, 
    "554890729": {
        "editor_type": "ability_all", 
        "index_type": "object_editor", 
        "item_key": 134256949, 
        "prop_key": "name"
    }, 
    "561358647": {
        "editor_type": "ability_all", 
        "index_type": "object_editor", 
        "item_key": 134218638, 
        "prop_key": "name"
    }, 
    "586858970": {
        "editor_type": "ability_all", 
        "index_type": "object_editor", 
        "item_key": 134234076, 
        "prop_key": "name"
    }, 
    "599159263": {
        "editor_type": "modifier_all", 
        "index_type": "object_editor", 
        "item_key": 134222310, 
        "prop_key": "name"
    }, 
    "614502653": {
        "editor_type": "sound_all", 
        "index_type": "object_editor", 
        "item_key": 134265944, 
        "prop_key": "name"
    }, 
    "641853039": {
        "editor_type": "ability_all", 
        "index_type": "object_editor", 
        "item_key": 134218978, 
        "prop_key": "desc"
    }, 
    "641992268": {
        "editor_type": "ability_all", 
        "index_type": "object_editor", 
        "item_key": 134230481, 
        "prop_key": "desc"
    }, 
    "658913640": {
        "editor_type": "editor_unit", 
        "index_type": "object_editor", 
        "item_key": 134271246, 
        "prop_key": "desc"
    }, 
    "660993072": {
        "editor_type": "ability_all", 
        "index_type": "object_editor", 
        "item_key": 134268451, 
        "prop_key": "desc"
    }, 
    "675706105": {
        "editor_type": "ability_all", 
        "index_type": "object_editor", 
        "item_key": 134266665, 
        "prop_key": "name"
    }, 
    "691572785": {
        "editor_type": "ability_all", 
        "index_type": "object_editor", 
        "item_key": 134239530, 
        "prop_key": "desc"
    }, 
    "704721996": {
        "editor_type": "ability_all", 
        "index_type": "object_editor", 
        "item_key": 134260905, 
        "prop_key": "name"
    }, 
    "721569514": {
        "editor_type": "ability_all", 
        "index_type": "object_editor", 
        "item_key": 134229856, 
        "prop_key": "desc"
    }, 
    "733654500": {
        "editor_type": "ability_all", 
        "index_type": "object_editor", 
        "item_key": 134260308, 
        "prop_key": "name"
    }, 
    "738112861": {
        "editor_type": "ability_all", 
        "index_type": "object_editor", 
        "item_key": 134259443, 
        "prop_key": "desc"
    }, 
    "782726780": {
        "editor_type": "ability_all", 
        "index_type": "object_editor", 
        "item_key": 134279108, 
        "prop_key": "name"
    }, 
    "797716816": {
        "editor_type": "ability_all", 
        "index_type": "object_editor", 
        "item_key": 134248102, 
        "prop_key": "desc"
    }, 
    "801553698": {
        "editor_type": "ability_all", 
        "index_type": "object_editor", 
        "item_key": 134231846, 
        "prop_key": "desc"
    }, 
    "818555727": {
        "editor_type": "ability_all", 
        "index_type": "object_editor", 
        "item_key": 134253227, 
        "prop_key": "name"
    }, 
    "818939481": {
        "editor_type": "ability_all", 
        "index_type": "object_editor", 
        "item_key": 134266472, 
        "prop_key": "name"
    }, 
    "843143687": {
        "editor_type": "ability_all", 
        "index_type": "object_editor", 
        "item_key": 134242315, 
        "prop_key": "desc"
    }, 
    "844433311": {
        "editor_type": "editor_unit", 
        "index_type": "object_editor", 
        "item_key": 134273704, 
        "prop_key": "name"
    }, 
    "849013660": {
        "editor_type": "ability_all", 
        "index_type": "object_editor", 
        "item_key": 134283087, 
        "prop_key": "desc"
    }, 
    "863129776": {
        "editor_type": "editor_decoration", 
        "index_type": "object_editor", 
        "item_key": 134243401, 
        "prop_key": "name"
    }, 
    "872889530": {
        "editor_type": "ability_all", 
        "index_type": "object_editor", 
        "item_key": 134268775, 
        "prop_key": "name"
    }, 
    "890480244": {
        "editor_type": "ability_all", 
        "index_type": "object_editor", 
        "item_key": 134241255, 
        "prop_key": "name"
    }, 
    "894657673": {
        "editor_type": "ability_all", 
        "index_type": "object_editor", 
        "item_key": 134238761, 
        "prop_key": "name"
    }, 
    "916669019": {
        "editor_type": "editor_unit", 
        "index_type": "object_editor", 
        "item_key": 134248721, 
        "prop_key": "name"
    }, 
    "918114502": {
        "editor_type": "ability_all", 
        "index_type": "object_editor", 
        "item_key": 134247503, 
        "prop_key": "desc"
    }, 
    "921173613": {
        "editor_type": "ability_all", 
        "index_type": "object_editor", 
        "item_key": 134259805, 
        "prop_key": "desc"
    }, 
    "942019508": {
        "editor_type": "ability_all", 
        "index_type": "object_editor", 
        "item_key": 134226304, 
        "prop_key": "desc"
    }, 
    "945242877": {
        "editor_type": "ability_all", 
        "index_type": "object_editor", 
        "item_key": 134264853, 
        "prop_key": "desc"
    }, 
    "957539971": {
        "editor_type": "ability_all", 
        "index_type": "object_editor", 
        "item_key": 134272413, 
        "prop_key": "desc"
    }, 
    "959205514": {
        "editor_type": "editor_unit", 
        "index_type": "object_editor", 
        "item_key": 134266167, 
        "prop_key": "desc"
    }, 
    "961081698": {
        "editor_type": "ability_all", 
        "index_type": "object_editor", 
        "item_key": 134265604, 
        "prop_key": "desc"
    }, 
    "997366929": {
        "editor_type": "ability_all", 
        "index_type": "object_editor", 
        "item_key": 134248790, 
        "prop_key": "name"
    }, 
    "1007069747": {
        "editor_type": "editor_unit", 
        "index_type": "object_editor", 
        "item_key": 134232121, 
        "prop_key": "name"
    }, 
    "1019798743": {
        "editor_type": "ability_all", 
        "index_type": "object_editor", 
        "item_key": 134223852, 
        "prop_key": "desc"
    }, 
    "1027674539": {
        "editor_type": "editor_unit", 
        "index_type": "object_editor", 
        "item_key": 134244462, 
        "prop_key": "desc"
    }, 
    "1056082330": {
        "editor_type": "ability_all", 
        "index_type": "object_editor", 
        "item_key": 134240222, 
        "prop_key": "name"
    }, 
    "1058272455": {
        "editor_type": "ability_all", 
        "index_type": "object_editor", 
        "item_key": 134218445, 
        "prop_key": "desc"
    }, 
    "1097049212": {
        "editor_type": "ability_all", 
        "index_type": "object_editor", 
        "item_key": 134219887, 
        "prop_key": "desc"
    }, 
    "1110401835": {
        "editor_type": "ability_all", 
        "index_type": "object_editor", 
        "item_key": 134281771, 
        "prop_key": "desc"
    }, 
    "1112124519": {
        "editor_type": "ability_all", 
        "index_type": "object_editor", 
        "item_key": 134282497, 
        "prop_key": "name"
    }, 
    "1136504579": {
        "editor_type": "sound_all", 
        "index_type": "object_editor", 
        "item_key": 134250900, 
        "prop_key": "name"
    }, 
    "1164122583": {
        "editor_type": "ability_all", 
        "index_type": "object_editor", 
        "item_key": 134256949, 
        "prop_key": "desc"
    }, 
    "1169935975": {
        "editor_type": "ability_all", 
        "index_type": "object_editor", 
        "item_key": 134261795, 
        "prop_key": "desc"
    }, 
    "1185504156": {
        "editor_type": "editor_unit", 
        "index_type": "object_editor", 
        "item_key": 134249610, 
        "prop_key": "name"
    }, 
    "1222535353": {
        "editor_type": "ability_all", 
        "index_type": "object_editor", 
        "item_key": 134267310, 
        "prop_key": "name"
    }, 
    "1223098075": {
        "editor_type": "ability_all", 
        "index_type": "object_editor", 
        "item_key": 134265487, 
        "prop_key": "desc"
    }, 
    "1228559542": {
        "editor_type": "ability_all", 
        "index_type": "object_editor", 
        "item_key": 134227562, 
        "prop_key": "name"
    }, 
    "1262547382": {
        "editor_type": "ability_all", 
        "index_type": "object_editor", 
        "item_key": 134274512, 
        "prop_key": "desc"
    }, 
    "1305969285": {
        "editor_type": "sound_all", 
        "index_type": "object_editor", 
        "item_key": 134258782, 
        "prop_key": "name"
    }, 
    "1308852318": {
        "editor_type": "ability_all", 
        "index_type": "object_editor", 
        "item_key": 134245329, 
        "prop_key": "desc"
    }, 
    "1314070656": {
        "editor_type": "ability_all", 
        "index_type": "object_editor", 
        "item_key": 134257780, 
        "prop_key": "name"
    }, 
    "1323116179": {
        "editor_type": "ability_all", 
        "index_type": "object_editor", 
        "item_key": 134264754, 
        "prop_key": "name"
    }, 
    "1326565824": {
        "editor_type": "ability_all", 
        "index_type": "object_editor", 
        "item_key": 134240124, 
        "prop_key": "name"
    }, 
    "1331164100": {
        "editor_type": "ability_all", 
        "index_type": "object_editor", 
        "item_key": 134253654, 
        "prop_key": "desc"
    }, 
    "1350541034": {
        "editor_type": "projectile_all", 
        "index_type": "object_editor", 
        "item_key": 134251266, 
        "prop_key": "name"
    }, 
    "1356934413": {
        "editor_type": "ability_all", 
        "index_type": "object_editor", 
        "item_key": 134264754, 
        "prop_key": "desc"
    }, 
    "1356965006": {
        "editor_type": "ability_all", 
        "index_type": "object_editor", 
        "item_key": 134264562, 
        "prop_key": "desc"
    }, 
    "1389119520": {
        "editor_type": "editor_unit", 
        "index_type": "object_editor", 
        "item_key": 134252637, 
        "prop_key": "name"
    }, 
    "1410660971": {
        "editor_type": "ability_all", 
        "index_type": "object_editor", 
        "item_key": 134272521, 
        "prop_key": "desc"
    }, 
    "1439800103": {
        "editor_type": "editor_unit", 
        "index_type": "object_editor", 
        "item_key": 134244462, 
        "prop_key": "name"
    }, 
    "1465820628": {
        "editor_type": "ability_all", 
        "index_type": "object_editor", 
        "item_key": 134256456, 
        "prop_key": "desc"
    }, 
    "1468704561": {
        "editor_type": "sound_all", 
        "index_type": "object_editor", 
        "item_key": 134262934, 
        "prop_key": "name"
    }, 
    "1502570143": {
        "editor_type": "editor_decoration", 
        "index_type": "object_editor", 
        "item_key": 134255992, 
        "prop_key": "name"
    }, 
    "1502594494": {
        "editor_type": "ability_all", 
        "index_type": "object_editor", 
        "item_key": 134228751, 
        "prop_key": "desc"
    }, 
    "1502899951": {
        "editor_type": "editor_unit", 
        "index_type": "object_editor", 
        "item_key": 134282972, 
        "prop_key": "desc"
    }, 
    "1508171425": {
        "editor_type": "ability_all", 
        "index_type": "object_editor", 
        "item_key": 134267122, 
        "prop_key": "desc"
    }, 
    "1510050260": {
        "editor_type": "editor_unit", 
        "index_type": "object_editor", 
        "item_key": 134266539, 
        "prop_key": "desc"
    }, 
    "1539971298": {
        "editor_type": "ability_all", 
        "index_type": "object_editor", 
        "item_key": 134275080, 
        "prop_key": "name"
    }, 
    "1541580826": {
        "editor_type": "editor_unit", 
        "index_type": "object_editor", 
        "item_key": 134261251, 
        "prop_key": "desc"
    }, 
    "1560043918": {
        "editor_type": "ability_all", 
        "index_type": "object_editor", 
        "item_key": 134245329, 
        "prop_key": "name"
    }, 
    "1564156794": {
        "editor_type": "ability_all", 
        "index_type": "object_editor", 
        "item_key": 134256005, 
        "prop_key": "desc"
    }, 
    "1567382914": {
        "editor_type": "ability_all", 
        "index_type": "object_editor", 
        "item_key": 134248276, 
        "prop_key": "desc"
    }, 
    "1571343324": {
        "editor_type": "ability_all", 
        "index_type": "object_editor", 
        "item_key": 134269919, 
        "prop_key": "desc"
    }, 
    "1588909048": {
        "editor_type": "ability_all", 
        "index_type": "object_editor", 
        "item_key": 134221913, 
        "prop_key": "desc"
    }, 
    "1600321433": {
        "editor_type": "ability_all", 
        "index_type": "object_editor", 
        "item_key": 134260009, 
        "prop_key": "desc"
    }, 
    "1602714657": {
        "editor_type": "ability_all", 
        "index_type": "object_editor", 
        "item_key": 134237853, 
        "prop_key": "desc"
    }, 
    "1607088835": {
        "editor_type": "ability_all", 
        "index_type": "object_editor", 
        "item_key": 134264467, 
        "prop_key": "name"
    }, 
    "1626012887": {
        "editor_type": "ability_all", 
        "index_type": "object_editor", 
        "item_key": 134249661, 
        "prop_key": "desc"
    }, 
    "1630169132": {
        "editor_type": "ability_all", 
        "index_type": "object_editor", 
        "item_key": 134249353, 
        "prop_key": "desc"
    }, 
    "1634086681": {
        "editor_type": "editor_unit", 
        "index_type": "object_editor", 
        "item_key": 134236835, 
        "prop_key": "desc"
    }, 
    "1637414113": {
        "editor_type": "ability_all", 
        "index_type": "object_editor", 
        "item_key": 134266665, 
        "prop_key": "desc"
    }, 
    "1640406422": {
        "editor_type": "sound_all", 
        "index_type": "object_editor", 
        "item_key": 134261591, 
        "prop_key": "name"
    }, 
    "1654491764": {
        "editor_type": "sound_all", 
        "index_type": "object_editor", 
        "item_key": 134236846, 
        "prop_key": "name"
    }, 
    "1664700296": {
        "editor_type": "ability_all", 
        "index_type": "object_editor", 
        "item_key": 134269919, 
        "prop_key": "name"
    }, 
    "1674302184": {
        "editor_type": "ability_all", 
        "index_type": "object_editor", 
        "item_key": 134273782, 
        "prop_key": "desc"
    }, 
    "1675456567": {
        "editor_type": "ability_all", 
        "index_type": "object_editor", 
        "item_key": 134236992, 
        "prop_key": "desc"
    }, 
    "1681479102": {
        "editor_type": "ability_all", 
        "index_type": "object_editor", 
        "item_key": 134217919, 
        "prop_key": "name"
    }, 
    "1682406364": {
        "editor_type": "ability_all", 
        "index_type": "object_editor", 
        "item_key": 134221050, 
        "prop_key": "desc"
    }, 
    "1684898840": {
        "editor_type": "ability_all", 
        "index_type": "object_editor", 
        "item_key": 134252488, 
        "prop_key": "desc"
    }, 
    "1695587708": {
        "editor_type": "ability_all", 
        "index_type": "object_editor", 
        "item_key": 134238761, 
        "prop_key": "desc"
    }, 
    "1703094812": {
        "editor_type": "ability_all", 
        "index_type": "object_editor", 
        "item_key": 134250565, 
        "prop_key": "desc"
    }, 
    "1707732330": {
        "editor_type": "ability_all", 
        "index_type": "object_editor", 
        "item_key": 134223700, 
        "prop_key": "name"
    }, 
    "1709435649": {
        "editor_type": "editor_unit", 
        "index_type": "object_editor", 
        "item_key": 134266539, 
        "prop_key": "name"
    }, 
    "1734727287": {
        "editor_type": "ability_all", 
        "index_type": "object_editor", 
        "item_key": 134255770, 
        "prop_key": "name"
    }, 
    "1740035629": {
        "editor_type": "ability_all", 
        "index_type": "object_editor", 
        "item_key": 134245465, 
        "prop_key": "name"
    }, 
    "1747680991": {
        "editor_type": "ability_all", 
        "index_type": "object_editor", 
        "item_key": 134270415, 
        "prop_key": "desc"
    }, 
    "1755851280": {
        "editor_type": "editor_unit", 
        "index_type": "object_editor", 
        "item_key": 134233326, 
        "prop_key": "desc"
    }, 
    "1758121358": {
        "editor_type": "ability_all", 
        "index_type": "object_editor", 
        "item_key": 134244182, 
        "prop_key": "name"
    }, 
    "1759611261": {
        "editor_type": "ability_all", 
        "index_type": "object_editor", 
        "item_key": 134245465, 
        "prop_key": "desc"
    }, 
    "1765411108": {
        "editor_type": "ability_all", 
        "index_type": "object_editor", 
        "item_key": 134268948, 
        "prop_key": "name"
    }, 
    "1768097549": {
        "editor_type": "ability_all", 
        "index_type": "object_editor", 
        "item_key": 134251678, 
        "prop_key": "desc"
    }, 
    "1775102695": {
        "editor_type": "ability_all", 
        "index_type": "object_editor", 
        "item_key": 134255785, 
        "prop_key": "name"
    }, 
    "1779200614": {
        "editor_type": "ability_all", 
        "index_type": "object_editor", 
        "item_key": 134222105, 
        "prop_key": "name"
    }, 
    "1792542548": {
        "editor_type": "ability_all", 
        "index_type": "object_editor", 
        "item_key": 134223143, 
        "prop_key": "name"
    }, 
    "1820166813": {
        "editor_type": "editor_unit", 
        "index_type": "object_editor", 
        "item_key": 134271191, 
        "prop_key": "name"
    }, 
    "1821405303": {
        "editor_type": "editor_unit", 
        "index_type": "object_editor", 
        "item_key": 134271892, 
        "prop_key": "desc"
    }, 
    "1824780973": {
        "editor_type": "editor_unit", 
        "index_type": "object_editor", 
        "item_key": 134261251, 
        "prop_key": "name"
    }, 
    "1844570036": {
        "editor_type": "editor_unit", 
        "index_type": "object_editor", 
        "item_key": 134265779, 
        "prop_key": "name"
    }, 
    "1860803357": {
        "editor_type": "ability_all", 
        "index_type": "object_editor", 
        "item_key": 134270882, 
        "prop_key": "desc"
    }, 
    "1867382836": {
        "editor_type": "ability_all", 
        "index_type": "object_editor", 
        "item_key": 134254911, 
        "prop_key": "name"
    }, 
    "1880620882": {
        "editor_type": "ability_all", 
        "index_type": "object_editor", 
        "item_key": 134224221, 
        "prop_key": "desc"
    }, 
    "1885608377": {
        "editor_type": "ability_all", 
        "index_type": "object_editor", 
        "item_key": 134260586, 
        "prop_key": "desc"
    }, 
    "1904827319": {
        "editor_type": "sound_all", 
        "index_type": "object_editor", 
        "item_key": 134265869, 
        "prop_key": "name"
    }, 
    "1926503300": {
        "editor_type": "ability_all", 
        "index_type": "object_editor", 
        "item_key": 134282497, 
        "prop_key": "desc"
    }, 
    "1929024523": {
        "editor_type": "ability_all", 
        "index_type": "object_editor", 
        "item_key": 134265604, 
        "prop_key": "name"
    }, 
    "1940826027": {
        "editor_type": "ability_all", 
        "index_type": "object_editor", 
        "item_key": 134265577, 
        "prop_key": "desc"
    }, 
    "1958706243": {
        "editor_type": "ability_all", 
        "index_type": "object_editor", 
        "item_key": 134225381, 
        "prop_key": "desc"
    }, 
    "1968473147": {
        "editor_type": "ability_all", 
        "index_type": "object_editor", 
        "item_key": 134269756, 
        "prop_key": "desc"
    }, 
    "1997920184": {
        "editor_type": "ability_all", 
        "index_type": "object_editor", 
        "item_key": 134267122, 
        "prop_key": "name"
    }, 
    "1998137376": {
        "editor_type": "ability_all", 
        "index_type": "object_editor", 
        "item_key": 134259728, 
        "prop_key": "desc"
    }, 
    "2002560181": {
        "editor_type": "editor_unit", 
        "index_type": "object_editor", 
        "item_key": 134232121, 
        "prop_key": "desc"
    }, 
    "2016584418": {
        "editor_type": "ability_all", 
        "index_type": "object_editor", 
        "item_key": 134266799, 
        "prop_key": "name"
    }, 
    "2020435684": {
        "editor_type": "ability_all", 
        "index_type": "object_editor", 
        "item_key": 134242404, 
        "prop_key": "desc"
    }, 
    "2030689747": {
        "editor_type": "ability_all", 
        "index_type": "object_editor", 
        "item_key": 134234781, 
        "prop_key": "name"
    }, 
    "2058496365": {
        "editor_type": "ability_all", 
        "index_type": "object_editor", 
        "item_key": 134256433, 
        "prop_key": "desc"
    }, 
    "2060787237": {
        "editor_type": "editor_unit", 
        "index_type": "object_editor", 
        "item_key": 134229194, 
        "prop_key": "desc"
    }, 
    "2079490153": {
        "editor_type": "ability_all", 
        "index_type": "object_editor", 
        "item_key": 134243149, 
        "prop_key": "name"
    }, 
    "2105139157": {
        "editor_type": "ability_all", 
        "index_type": "object_editor", 
        "item_key": 134255785, 
        "prop_key": "desc"
    }, 
    "2126271305": {
        "editor_type": "ability_all", 
        "index_type": "object_editor", 
        "item_key": 134241369, 
        "prop_key": "desc"
    }, 
    "2128205910": {
        "editor_type": "ability_all", 
        "index_type": "object_editor", 
        "item_key": 134260609, 
        "prop_key": "name"
    }, 
    "2140428652": {
        "editor_type": "ability_all", 
        "index_type": "object_editor", 
        "item_key": 134233826, 
        "prop_key": "name"
    }
}